values	weights
 	9575300
MARIA	1499382
ANNA	895806
KATARZYNA	417951
BARBARA	411704
EWA	375456
TERESA	372948
MAŁGORZATA	333886
ELŻBIETA	319209
MAGDALENA	299440
AGNIESZKA	276373
ZOFIA	271439
KRYSTYNA	228435
JADWIGA	203242
JOANNA	199337
JANINA	169439
MONIKA	163031
HELENA	159299
MARTA	135449
DOROTA	133720
DANUTA	133090
STANISŁAWA	130703
IRENA	122698
BEATA	119753
JOLANTA	119082
WERONIKA	116982
ALEKSANDRA	113380
KAROLINA	109958
URSZULA	103403
GRAŻYNA	97935
WIKTORIA	95745
HALINA	90400
MARIANNA	84682
ALICJA	84492
KAZIMIERA	84424
IWONA	83622
JÓZEFA	82672
JULIA	82592
BOŻENA	81680
AGATA	80759
IZABELA	79088
NATALIA	76863
JUSTYNA	73993
SYLWIA	72567
PAULINA	67691
PATRYCJA	61242
WANDA	60149
RENATA	58486
KINGA	58163
ŁUCJA	51842
EMILIA	47384
DOMINIKA	47229
STEFANIA	44860
GABRIELA	42763
ZUZANNA	42658
WIESŁAWA	42334
MARZENA	41888
ANTONINA	41827
EDYTA	38986
LUCYNA	38221
WŁADYSŁAWA	36132
EWELINA	35604
HANNA	34758
ANIELA	34634
LIDIA	34526
KLAUDIA	33640
ANETA	32547
BOGUMIŁA	32501
MARIOLA	31618
KAMILA	30346
GENOWEFA	29898
OLIWIA	27602
FRANCISZKA	27408
CECYLIA	27023
MIROSŁAWA	26918
HENRYKA	26620
BRONISŁAWA	26617
SABINA	26599
ALINA	24540
DARIA	24274
REGINA	24230
BOGUSŁAWA	23884
CZESŁAWA	23485
MICHALINA	22035
WIOLETTA	21131
MAJA	20953
RÓŻA	20437
ANGELIKA	20182
MARTYNA	19518
ROZALIA	19441
BERNADETA	16683
AMELIA	15951
OLGA	15875
ZDZISŁAWA	15535
LAURA	14865
LEOKADIA	14649
ANASTAZJA	14483
GERTRUDA	14056
MIECZYSŁAWA	13073
ILONA	12816
ANITA	12241
KLARA	12217
SANDRA	12021
EUGENIA	11805
WIOLETA	11400
LENA	11032
DAGMARA	10473
MARLENA	10154
HONORATA	10073
ELIZA	9644
NIKOLA	9567
BRYGIDA	9510
JAGODA	9026
KORNELIA	8976
CELINA	8966
LUDWIKA	8902
SARA	8783
KARINA	8632
DANIELA	8517
MILENA	8469
FAUSTYNA	8224
ROKSANA	7226
ADRIANNA	7085
MAGDA	6994
JULIANNA	6976
ALDONA	6923
MARCELINA	6901
LUIZA	6785
APOLONIA	6738
IZABELLA	6710
ŻANETA	6500
WACŁAWA	6490
MALWINA	6249
MATYLDA	5956
NINA	5933
ELEONORA	5917
DIANA	5798
RITA	5660
NADIA	5635
LILIANA	5603
JULITA	5570
ROMANA	5533
PAULA	5385
WALERIA	5275
AURELIA	5058
PELAGIA	4878
FELICJA	4864
VIOLETTA	4845
ELWIRA	4691
ADRIANA	4635
BOŻENNA	4493
BERNADETTA	4475
ADELA	4435
IGA	4367
KONSTANCJA	4105
ANDŻELIKA	4040
ALFREDA	3872
WALENTYNA	3756
JUDYTA	3744
BLANKA	3475
FELIKSA	3332
LILIANNA	3309
OTYLIA	3304
ZENONA	3278
ESTERA	3261
RYSZARDA	3167
MARZANNA	3121
SONIA	2995
VICTORIA	2974
JÓZEFINA	2957
KAJA	2955
POLA	2951
JOWITA	2930
ROMUALDA	2825
BERNARDA	2816
TEODORA	2646
TAMARA	2621
LUDMIŁA	2585
ALBINA	2581
OLIMPIA	2501
ARLETA	2407
MARIKA	2401
SŁAWOMIRA	2391
MELANIA	2310
NATASZA	2296
ZENOBIA	2256
HILDEGARDA	2234
KALINA	2226
TATIANA	2198
MARIE	2192
ERYKA	2084
SALOMEA	2064
INGA	2047
IRMINA	2035
ZYTA	2026
DONATA	2005
BALBINA	1947
AMANDA	1923
TEODOZJA	1916
BOLESŁAWA	1858
ADELAJDA	1777
LEONARDA	1716
GIZELA	1697
ELIZABETH	1686
EDWARDA	1669
LONGINA	1645
FLORENTYNA	1644
TEKLA	1617
MARZENNA	1588
MARYLA	1578
NICOLE	1561
OLIVIA	1549
TEOFILA	1531
MARCELA	1529
ADA	1465
IDA	1444
OKTAWIA	1423
LUCJA	1422
JESSICA	1408
EMMA	1396
BOGNA	1382
KLEMENTYNA	1382
VANESSA	1379
ALEXANDRA	1351
KRZYSZTOFA	1325
KUNEGUNDA	1319
LILLA	1245
NICOLA	1243
LILIA	1217
LIWIA	1206
MARCJANNA	1177
KAMILLA	1165
ANETTA	1118
MIA	1108
ROMA	1096
SAMANTA	1085
ELFRYDA	1043
ELENA	1032
LILA	1025
SOPHIE	1021
MIRELA	1015
BIANKA	984
SEWERYNA	976
KSENIA	968
SOFIA	953
IZA	918
EVA	910
ROSE	905
ANGELINA	891
NADZIEJA	885
PETRONELA	849
BENEDYKTA	831
VIKTORIA	831
NELA	815
AUGUSTYNA	803
ANN	798
INEZ	796
MIRIAM	792
BERNARDYNA	787
PAMELA	780
MANUELA	779
NOEMI	771
AMALIA	763
DOBROSŁAWA	761
FILOMENA	759
BERTA	758
STELLA	754
EULALIA	731
ANGELA	704
ELISABETH	696
LEA	687
WIRGINIA	681
EMANUELA	668
MICHELLE	666
SOPHIA	642
BERENIKA	638
CELESTYNA	638
ANDREA	636
WANESSA	634
SŁAWA	630
RUTA	629
GRETA	626
GAJA	613
GLORIA	601
ANNE	586
INES	576
OLA	575
JAROSŁAWA	562
LIGIA	557
GABRYELA	553
MIRELLA	552
MALINA	550
ERNA	541
LEONTYNA	531
GERDA	515
DOMICELA	513
GRACE	511
ISABELLA	500
KLAUDYNA	486
SYLWESTRA	482
LARYSA	477
BERNARDETA	475
LOUISE	475
VERONICA	473
HIACYNTA	469
CLAUDIA	468
JANE	466
PATRICIA	464
MARY	462
MAYA	462
BLANDYNA	461
ANTONIA	458
HELGA	454
SARAH	451
JAŚMINA	438
GRACJANA	436
MARIETTA	432
LINDA	428
MIRA	425
KORNELA	423
GRACJA	410
MERCEDES	406
IRMA	402
MARGARET	399
WANESA	397
RAMONA	395
LEONIA	389
NARCYZA	388
ERIKA	385
HANKA	385
CHRISTINA	382
EMILY	377
ISABEL	376
BOGDANA	375
CARMEN	374
CHRISTINE	374
ŻAKLINA	362
CRISTINA	357
NEL	353
LIZA	350
PRAKSEDA	347
DOBRAWA	335
AGNES	334
ARLETTA	334
DELFINA	333
EMA	329
CAROLINE	327
EUFEMIA	327
SYBILLA	327
RUTH	326
WINCENTYNA	325
VERONIKA	323
IWONNA	322
NATALIE	322
SABRINA	322
CHARLOTTE	319
ALICE	316
CATHERINE	316
FATIMA	316
JAGNA	314
AURORA	312
DAJANA	312
OKSANA	310
ALA	309
MARGARETA	309
EDELTRAUDA	305
ERNESTYNA	296
FRYDERYKA	296
KATHARINA	295
SCHOLASTYKA	289
RADOSŁAWA	288
WILHELMINA	288
INGRID	287
CAROLINA	285
JENNIFER	285
WALESKA	285
IRMGARDA	282
DŻESIKA	280
ABIGAIL	277
JOHANNA	277
KAROLA	277
ROBERTA	277
LUBOMIRA	272
IRENE	271
AUGUSTA	270
EMILA	264
ALICIA	261
ELA	258
KASANDRA	257
DALIA	256
ROSA	255
ADAMINA	254
MONICA	254
LUCIA	253
DOBROCHNA	252
LESŁAWA	252
MARTINA	250
NIKOL	250
BENIGNA	248
LUKRECJA	248
LARA	247
NICOL	245
MICHAELA	244
KSAWERA	243
HELEN	242
SZARLOTA	241
MODESTA	239
IDALIA	236
SIMONA	236
KARIN	235
BENITA	234
MARGOT	233
ANASTASIA	232
DOBROMIŁA	230
KRISTINA	229
DOLORES	228
SERAFINA	225
IZYDORA	224
MARITA	224
LILY	223
JOSEPHINE	220
MARTHA	219
MAJKA	216
ZBIGNIEWA	216
EUNIKA	215
HALSZKA	212
ISABELLE	212
NAOMI	212
JOLENTA	211
LUDOMIRA	210
LUDWINA	210
MIŁOSŁAWA	210
ZOJA	209
ELZA	208
HERMINA	208
LEONA	208
LUISA	205
JULITTA	203
FRANCESCA	202
CYRYLA	201
LEONORA	201
MIRANDA	200
ELLA	198
LISA	198
LYNN	198
ANIKA	194
KAUR	194
ALBERTYNA	193
IZOLDA	193
REBEKA	193
FILIPINA	192
RACHEL	191
KONSTANTYNA	190
ELZBIETA	189
VIOLETA	189
MARGARITA	186
ZOE	186
DAGNA	185
KATHERINE	185
KSYMENA	185
BEATRIZ	184
BIBIANNA	184
ŻANETTA	183
ALEJANDRA	182
RUT	180
BOGDA	179
RYTA	179
STEPHANIE	179
DEBORA	177
ANA	176
JOY	176
ARIADNA	175
CLAIRE	175
INGEBORGA	174
MARINA	174
GABRIELLA	173
LEE	173
RACHELA	171
PAOLA	167
JASMIN	166
JASMINA	163
LIVIA	163
ALOJZA	162
RAFAELA	162
SYLVIA	161
WINCENTA	160
ANIDA	157
DĄBRÓWKA	156
OTOLIA	154
PIA	154
INKA	153
JANA	152
URSULA	152
JACQUELINE	151
DORIS	150
THERESA	150
ELISA	149
ANH	148
EDMUNDA	148
HANNAH	148
NUR	148
HIERONIMA	147
KATE	146
AIDA	145
JULIANA	145
MELISA	145
PRZEMYSŁAWA	145
CLARA	144
KARMEN	143
MARIA TERESA	143
WIERA	143
ANGELICA	142
CECILIA	142
LETYCJA	142
ANICETA	141
MARIETA	141
FRANCES	140
MAY	140
VALENTINA	140
HELENE	139
SELENA	139
DENISE	138
AURELA	137
ROXANA	137
ARIANA	136
BEATRYCZE	136
KAREN	136
LORA	136
ESTHER	134
LAURENCJA	134
LUNA	133
MALGORZATA	133
ASTRID	132
KRYSTIANA	132
BIANCA	131
MILA	131
EDITH	130
ORIANA	129
AFRODYTA	128
JESICA	128
ANDŻELINA	127
JEAN	127
KORDULA	127
KRYSPINA	127
WŁODZIMIERA	126
ANDRZELIKA	125
KONRADA	125
NIKOLETTA	125
SOFIE	124
JESIKA	123
KLEOPATRA	123
NATHALIE	122
LUCY	121
HANA	120
SAMANTHA	120
THERESE	120
LUCJANNA	119
WALBURGA	119
WERA	119
FABIOLA	118
FELICYTA	117
FLORA	117
JUDITH	117
LILLY	117
ROZWITA	117
ESTER	116
HERTA	116
LUCJANA	116
STELA	116
TOLA	116
ALOJZJA	115
ARKADIA	115
HEDWIG	114
MARGARETE	114
SATURNINA	113
ŚWIĘTOSŁAWA	113
ALMA	112
ANNA MARIA	111
INGRIDA	111
BELLA	109
DIONIZA	109
EVE	109
HILDA	109
GUSTAWA	108
JOLA	108
DAMIANA	107
IWETTA	107
KIRA	107
NELLY	107
ERWINA	106
ISMENA	106
MAE	106
AMY	105
DORA	105
ELLEN	105
IWONKA	105
REBECCA	105
MELANIE	104
ATENA	103
KLOTYLDA	103
RAQUEL	103
GERARDA	102
PAULINE	102
VIRGINIA	102
LINH	101
SILVIA	101
SIMONE	101
YVONNE	101
LILI	100
LUBA	100
MARIA MAGDALENA	100
MELISSA	100
SUSAN	100
ŻAKLIN	100
JULIE	99
LEOPOLDA	99
PETRA	99
AMBER	98
ADOLFINA	97
EUFROZYNA	96
JASMINE	96
JESSIKA	96
OLENA	96
ADELINA	95
KAMILIA	95
LORENA	95
CHANTAL	94
ELENI	94
ILZA	94
RAISA	94
RENEE	94
WISŁAWA	94
CHIARA	93
CHLOE	93
LAILA	92
NASTAZJA	92
TINA	92
EUZEBIA	91
IRIS	91
IRMGARD	91
LEILA	91
SUSANA	91
ANIA	89
LUDOMIŁA	89
SUZANNE	89
BETINA	88
BRIGITTE	88
CARLA	88
FRIDA	88
GABRIELLE	88
BERNADETTE	87
CORNELIA	87
FLORIANNA	87
MAKSYMILIANA	87
MARIIA	87
FRIEDA	86
FRYDA	86
MAI	86
IWETA	85
NELL	85
PALOMA	85
VIVIEN	85
ASHLEY	84
ELISE	84
HILDEGARD	84
INA	84
EMILIE	83
FERNANDA	83
IWA	83
LUISE	83
SYLWINA	83
KAMA	82
MARGOTA	82
MARION	82
SAMIRA	82
YAEL	82
ADOLFA	81
DANIELLE	81
MIRONA	81
NELLA	81
DOROTHY	80
KATARINA	80
KATHLEEN	80
KATRIN	80
TADEUSZA	80
WALTRAUDA	80
DINA	79
EVELYN	79
MARIAM	79
MAURA	79
NIKOLETA	79
RENA	79
SYLWANA	79
KLARYSA	78
NADINE	78
SUSANNE	78
CHELSEA	77
VALERIA	77
DOROTHEA	76
JEANNE	76
KASIA	76
LUDGARDA	76
MEGAN	76
ZYGFRYDA	76
ARLENA	74
HENRIETA	74
LORETTA	74
NATASHA	74
SOL	74
TELIMENA	74
WIEŃCZYSŁAWA	74
GEORGINA	73
GERTRUD	73
KIM	73
LUBOMIŁA	73
STEFANIE	73
ZOSIA	73
BERNADYNA	72
HORTENSJA	72
LAN	72
MARIANNE	72
VIVIANA	72
GRACIELA	71
BERNARDETTA	70
CYNTIA	70
HERONIMA	70
HIACENTA	70
INEZA	70
MARYNA	70
ALBERTA	69
AVA	69
BEATRICE	69
FLORIANA	69
FRANZISKA	69
VANESA	69
BIRUTA	68
GRAZYNA	68
JULIETTA	68
RENATE	68
BEATE	67
SCARLETT	67
ELIANA	66
FIONA	66
KESJA	66
MADELEINE	66
MARGERITA	66
ANDŻELA	65
DIANE	65
LAYLA	65
LOUISA	65
BRIGIDA	64
CAMILLE	64
HOPE	64
JADE	64
JUTTA	64
KIARA	64
LEAH	64
MAŁGORZTA	64
MARIANA	64
DAMARIS	63
KAMELIA	63
LINA	63
LYDIA	63
WALTRAUD	63
DOMINIQUE	62
FORTUNATA	62
NAWOJKA	62
RAE	62
RAJMUNDA	62
XYMENA	62
AMIRA	61
ARIANNA	61
CAMILLA	61
ELIF	61
JUTA	61
NIKOLINA	61
NORA	61
FLORENCE	60
ISABELL	60
JOANNE	60
KOLETA	60
MARÍA	60
ROZANNA	60
STANISLAWA	60
WITA	60
ELIGIA	59
INGRYDA	59
KATIA	59
KAYA	59
ROMINA	59
VITTORIA	59
AISHA	58
FLAWIA	58
HENRIETTA	58
JANET	58
OFELIA	58
ROZA	58
VIVIENNE	58
WITOLDA	58
AMINA	57
ANJA	57
JOAN	57
JULIETTE	57
KATHRIN	57
LEIGH	57
SUSANNA	57
SZCZĘSNA	57
TOMIRA	57
ZYGMUNTA	57
ALESSANDRA	56
CHIOMA	56
IRINA	56
LOTTA	56
MAIA	56
MONIQUE	56
BLANCA	55
EDWINA	55
IZAURA	55
JAGIENKA	55
KASJANA	55
KORA	55
MAGDALENE	55
MOHAMED	55
ALI	54
BELEN	54
DAGNY	54
ESMERALDA	54
GIULIA	54
KWIRYNA	54
LEOPOLDYNA	54
MARYSIA	54
SOLEDAD	54
AMELIE	53
DEVI	53
INÉS	53
MARIJA	53
MATILDA	53
SAWA	53
ŻANNA	53
ANGEL	52
ANNETTE	52
DAWN	52
DEBORAH	52
EURYDYKA	52
GISELA	52
LAUREN	52
TRANG	52
ZARA	52
ELAINE	51
FABIANA	51
HANNELORE	51
JADWIGA KAZIMIERA	51
LIA	51
SOFIJA	51
WITOSŁAWA	51
ZEFIRYNA	51
ANATOLIA	50
ANNAMARIA	50
BIBIANA	50
FLORENCIA	50
GEORGIA	50
INGEBORG	50
LUCIE	50
NIKITA	50
YASMIN	50
AGATHA	49
BOZENA	49
CIRILLA	49
CYNTHIA	49
DAISY	49
DOBROMIRA	49
GABRIELE	49
JEANETTE	49
JOSEFINA	49
MICHELE	49
PATRIZIA	49
VIVIAN	49
WIOLA	49
BETTINA	48
ELIZABET	48
ERICA	48
HERMENEGILDA	48
KARLA	48
ROSALIA	48
SABA	48
SYNTIA	48
ANTOINETTE	47
ELFRIEDE	47
EMILIANA	47
ITA	47
KATRINA	47
LILLI	47
SABINE	47
VALERIE	47
VERA	47
CHARLOTTA	46
ELFRIEDA	46
ELSA	46
JENNY	46
LOLA	46
MARIA ANTONINA	46
NICOLETTA	46
NIKA	46
ŻYWIA	46
AISZA	45
ANDRZEJA	45
ARETA	45
AUDREY	45
DANA	45
EILEEN	45
FERDYNANDA	45
MILADA	45
RIVKA	45
SONJA	45
AHMED	44
ALEKSA	44
BELÉN	44
CHRISTA	44
GEORGIEVA	44
INDIA	44
KAY	44
MATHILDE	44
ROSANNA	44
ALODIA	43
ARIA	43
DYONIZA	43
ELEKTRA	43
FELICIA	43
GAIA	43
JUSTINE	43
MARGUERITE	43
SWIETŁANA	43
TAIDA	43
TONIA	43
WALTRAUT	43
ADELE	42
CONSTANCE	42
DOMINICA	42
IGNACJA	42
ISABELA	42
JANINE	42
LÉA	42
LEONIE	42
NOELIA	42
SYBILA	42
SZARLOTTA	42
TARA	42
THERESIA	42
ANNEMARIE	41
ANZELMA	41
BRUNHILDA	41
CELINE	41
CEZARIA	41
COLETTE	41
GABRYJELA	41
GIZELLA	41
IVANOVA	41
JOYCE	41
KELLY	41
KUMARI	41
MARI	41
NGOC	41
ALENA	40
FATMA	40
GISELLE	40
HILARIA	40
HOA	40
JANINA KAZIMIERA	40
LEYLA	40
MILANA	40
SASKIA	40
ALANA	39
ALISON	39
ANNA-MARIA	39
CATALINA	39
CLARE	39
FREDA	39
KATHRYN	39
LETICIA	39
MABEL	39
MALIKA	39
MARGARETHE	39
MARIA ANNA	39
MIKA	39
NASTIA	39
PHUONG	39
THUY	39
VERONIQUE	39
ANNABELLE	38
ERIN	38
FAITH	38
FILIPA	38
HANIA	38
INGE	38
KARYNA	38
KORALIA	38
MIHAELA	38
SAMUELA	38
SHARON	38
WALERIANA	38
ANNIE	37
BETH	37
BOŻYSŁAWA	37
ELIDA	37
MARIA KRYSTYNA	37
ROSITA	37
XENIA	37
ZAHRA	37
AGATHE	36
ANATOLA	36
ANNIKA	36
ANŻELIKA	36
CAMILA	36
CHANEL	36
ELISABET	36
FRANCISCA	36
GIOVANNA	36
IVY	36
JAYNE	36
LAWINIA	36
NOELLE	36
ROSEMARIE	36
SALMA	36
ADELAIDA	35
ALEXIS	35
ANDREEA	35
ANNELIESE	35
BASIA	35
CAROL	35
CHRISTEL	35
CHRISTIANA	35
CHRISTIANE	35
GENEVIEVE	35
HUONG	35
JENIFER	35
JOZEFA	35
MARISA	35
MARIYA	35
MOLLY	35
NANCY	35
NGOZI	35
SOLANGE	35
TIFFANY	35
WIELISŁAWA	35
YVETTE	35
ALISA	34
DAMROKA	34
ELLI	34
EVELINA	34
GINA	34
HEIDI	34
IOANA	34
JOSE	34
KRISTIN	34
KRISTINE	34
LARISA	34
LEONOR	34
LIDA	34
MARGITA	34
MARIA ZOFIA	34
MILAGROS	34
NORBERTA	34
ODETTA	34
WALDEMARA	34
WENESA	34
ZBYSŁAWA	34
AOIFE	33
BOŻENA KAZIMIERA	33
CHLOÉ	33
ERNESTA	33
HEE	33
KAROLINE	33
KATERINA	33
LARISSA	33
MARIA ELŻBIETA	33
MARTIKA	33
MELODY	33
SELMA	33
AGRYPINA	32
AN	32
BRENDA	32
CARINA	32
DANIELLA	32
EDITA	32
ELEANOR	32
GRAZIA	32
HANG	32
KORYNA	32
MALKA	32
MARGIT	32
MÁRIA	32
MARLENE	32
MARTINE	32
MOHAMMED	32
NIAMH	32
ROSALIE	32
RUFINA	32
VIOLA	32
ZELMA	32
ALIA	31
ATINA	31
CATHARINA	31
DAGMAR	31
EDELTRAUT	31
ESTELLE	31
FARIDA	31
ILIANA	31
JULIET	31
JUNE	31
KIMBERLY	31
LIANA	31
LORETA	31
MARCELLA	31
MARIEL	31
MAUREEN	31
MERYEM	31
SINEAD	31
SOFÍA	31
SUE	31
THEA	31
YOUNG	31
ALWINA	30
ASTRYDA	30
BOGUCHWAŁA	30
DENISA	30
DENIZ	30
DOBIESŁAWA	30
HAYA	30
KATIE	30
LYNNE	30
MARIA BARBARA	30
MARIA JADWIGA	30
MELITA	30
MILENIA	30
REBECA	30
SILVANA	30
SORAYA	30
TACJANA	30
WICTORIA	30
CATERINA	29
DALILA	29
EWA MARIA	29
GEMMA	29
ILSE	29
IMELDA	29
MACIEJA	29
MY	29
NELLI	29
ROSIE	29
RUBY	29
SUMMER	29
SUZANNA	29
SYLVIE	29
ŚNIEŻKA	29
ANABEL	28
BERNADA	28
BOHDANA	28
DIMITROVA	28
ELVIRA	28
ESTELA	28
ESTELLA	28
GALINA	28
GUDRUN	28
HÉLÈNE	28
JANETA	28
MARGARETTA	28
MERVE	28
NICOLL	28
PALMIRA	28
STENIA	28
SYDONIA	28
WIWIANA	28
ALEXA	27
AMARACHI	27
APARECIDA	27
CATALEYA	27
ELISABETTA	27
ELODIE	27
EMMANUELLE	27
KAYLA	27
KONSUELA	27
LECHOSŁAWA	27
LORRAINE	27
LOTA	27
LUANA	27
MARIA HELENA	27
MINA	27
NHI	27
NIKE	27
OCTAVIA	27
SANCJA	27
SELIN	27
STANISŁAWA KAZIMIERA	27
THI	27
THU	27
VERÓNICA	27
WILMA	27
AMÉLIE	26
ANABELLA	26
BERNATA	26
BONAWENTURA	26
CARMELA	26
CASSANDRA	26
DEL CARMEN	26
EDELTRAUD	26
ELSE	26
GRACJANNA	26
HRISTOVA	26
HUYEN	26
IFEOMA	26
JOANA	26
JOLITA	26
KATHY	26
KATRZYNA	26
LILIAN	26
MARIA JOLANTA	26
MI	26
NIKODEMA	26
RANI	26
SALWINA	26
SHEILA	26
SUZAN	26
ZEYNEP	26
ADRIA	25
ALEXIA	25
AYLIN	25
BONIFACJA	25
CELIA	25
CIARA	25
DITTA	25
GRYZELDA	25
ISLA	25
JANETTE	25
JOLANTYNA	25
JOSEFINE	25
LEIA	25
LEJLA	25
MARIA STANISŁAWA	25
MARTYNIKA	25
MINH	25
MIRTA	25
MÓNICA	25
MYRIAM	25
NELI	25
PARIS	25
PILAR	25
PLACYDA	25
RADZISŁAWA	25
TERESA MARIA	25
UTA	25
ALESSIA	24
ANASTAZIA	24
ANGIELIKA	24
ANNABEL	24
ATHINA	24
BALWINA	24
BENONA	24
BRONISLAWA	24
CATARINA	24
HENRIETTE	24
JANETTA	24
JANKA	24
JARMILA	24
JULIETA	24
KERSTIN	24
LIV	24
LOU	24
LUDOSŁAWA	24
LUZIE	24
MADISON	24
MARA	24
MARGARETHA	24
MARGHERITA	24
MARIA JANINA	24
MARYAM	24
MEI	24
MILLA	24
NGA	24
OLYMPIA	24
SCARLET	24
SIOBHAN	24
TAISA	24
TANIA	24
TOSIA	24
VÉRONIQUE	24
VESNA	24
WIESLAWA	24
WOJCIECHA	24
AGUSTINA	23
AICHA	23
ANAIS	23
ANTONELLA	23
ASENOVA	23
BRIGITTA	23
CELESTE	23
ELIDIA	23
FABIENNE	23
FREYA	23
IMAN	23
JACENTA	23
JAQUELINE	23
JURATA	23
JUSTINA	23
KARMELA	23
KATHARINE	23
KYUNG	23
LYN	23
MADELINE	23
MICHELA	23
PARTYCJA	23
PEARL	23
ROCIO	23
ROSANA	23
SALOMEJA	23
SANTANA	23
TOVA	23
WIKTORYNA	23
YASMINE	23
ADEL	22
ARNIKA	22
ATANASOVA	22
BARNABA	22
BELLE	22
CECILE	22
CHIAMAKA	22
CHRISTIN	22
ECE	22
ELINA	22
HIEN	22
IZYDA	22
JOSEFA	22
KARIMA	22
KORINA	22
KRYSTA	22
LILIANE	22
LILLIAN	22
LUCIANA	22
MARGARIDA	22
MICAELA	22
NHUNG	22
NICOLETA	22
OLUCHI	22
RADOCHNA	22
ROSWITA	22
SELINA	22
SERENA	22
SIGRID	22
THANH	22
THAO	22
VIOLET	22
ZOHRA	22
AIMEE	21
ALEX	21
ALINE	21
ANDA	21
ANDRZELINA	21
ANNEMARIA	21
APRIL	21
BETTY	21
BJÖRK	21
CAROLA	21
CEZARA	21
CEZARYNA	21
CHISOM	21
CINDY	21
CORINA	21
DAIANA	21
DONNA	21
FELICJANA	21
GAIL	21
GOSIA	21
HAZEL	21
HEATHER	21
ILLONA	21
IVONNE	21
JOZEFINA	21
JUANA	21
KATALIN	21
KRYSTINA	21
LILJA	21
LOTTE	21
MIKAELA	21
MINNA	21
MONA	21
NOA	21
NOEL	21
PENELOPA	21
PERLA	21
PETRONELLA	21
PNINA	21
RADOMIŁA	21
RENÉE	21
SELWINA	21
SKY	21
SOFI	21
TAMAR	21
VAN	21
VIKTORIIA	21
WENDY	21
WIWIANNA	21
YASEMIN	21
ZENIA	21
ZINA	21
ALBA	20
AYLA	20
BARBARA MARIA	20
CAROLIN	20
CHIDINMA	20
CHINYERE	20
DELIA	20
ELŻBIETA MARIA	20
FAYE	20
FLORENCJA	20
FRANÇOISE	20
GUADALUPE	20
GÜL	20
HOLLY	20
ISAURA	20
JIN	20
JO	20
KATERYNA	20
KLEMENSA	20
LAKSHMI	20
LAURE	20
LINNEA	20
LUDMILA	20
LUZIA	20
ŁADYSŁAWA	20
MARIA JÓZEFA	20
MARŻOLENA	20
NOTBURGA	20
RIWANA	20
SHIRLEY	20
VY	20
ADELHEID	19
ALIDA	19
ANGELIQUE	19
ANGELOVA	19
ANNALIZA	19
ANNE-MARIE	19
ANYA	19
AYA	19
BARABRA	19
BELINDA	19
BONA	19
CAROLYN	19
CHAYA	19
CLEMENTINE	19
FRANCOISE	19
GLADYS	19
HANH	19
HELIODORA	19
JULIANE	19
KARIONA	19
KATALEJA	19
KATJA	19
LAMIA	19
LEONIDA	19
MADDALENA	19
MAREE	19
MARIA EWA	19
MARIA IRENA	19
MARIA WŁADYSŁAWA	19
MATHILDA	19
META	19
MIJA	19
NADJA	19
NATALI	19
NIKOLAEVA	19
ODETA	19
PAIGE	19
PERPETUA	19
PRISCILLA	19
ROMANIA	19
SASHA	19
SYDNEY	19
TADEA	19
WLADYSLAWA	19
YOLANDA	19
ZOYA	19
ZSUZSANNA	19
AALIYAH	18
ALFONSA	18
ANETTE	18
ANNELI	18
ARMANDA	18
ATHENA	18
BEATRIX	18
BETÜL	18
CHANA	18
CHRYSTIANA	18
CHRYZANTA	18
DALIDA	18
DAROMIŁA	18
DILARA	18
DOMICELLA	18
ELFRIDA	18
ELWINA	18
EUNICE	18
EVELINE	18
FANNY	18
FEBRONIA	18
FRANCINE	18
GRACIA	18
HA	18
IVANNA	18
JEANNETTE	18
JEANNINE	18
JOSEPHINA	18
KARENA	18
LATIKA	18
LOURDES	18
LUZ	18
MAGALI	18
MAGGIE	18
MALENA	18
MARIAN	18
MICHÈLE	18
RENALDA	18
SAOIRSE	18
SEBASTIANA	18
SENA	18
SŁAWINA	18
SYLWIANA	18
TATJANA	18
THEODORA	18
VALENTINE	18
WANDA MARIA	18
ZOFIA MARIA	18
ŻELISŁAWA	18
ADAEZE	17
ALLISON	17
AMADEA	17
AMAYA	17
ANDRONA	17
ARIELA	17
ARTEMIDA	17
BALLADYNA	17
BRIDGET	17
BROOKE	17
COLLEEN	17
DAFNE	17
DAPHNE	17
DŻAMILA	17
EBRU	17
EDELGARD	17
ELMIRA	17
ESTEFANIA	17
ETHEL	17
FAUSTINA	17
FREJA	17
HONG	17
HUBERTA	17
INOCENTA	17
ISMAIL	17
JADWIGA MARIA	17
KASYLDA	17
KRYSTYNA MARIA	17
LAETITIA	17
LIEN	17
LUCYLLA	17
LUTOSŁAWA	17
MAŁGORZATA MARIA	17
MARIONA	17
MATILDE	17
MAXINE	17
MIŁA	17
MIROSLAWA	17
NICOLETTE	17
NICOLLE	17
ORLA	17
PATRYCIA	17
PAULETTE	17
PETROVA	17
REMIGIA	17
SHANNON	17
SKYE	17
TANITA	17
TARSYLIA	17
TEREZA	17
ULA	17
ZIPORA	17
ZYGLINDA	17
ADELAIDE	16
AILEEN	16
AMA	16
ARTEMIS	16
BARABARA	16
BINTI	16
BORYSŁAWA	16
BOŻYDARA	16
BRATUMIŁA	16
CAMELIA	16
CHANTELLE	16
CHEN	16
CHI	16
CORA	16
CORINNE	16
DARINA	16
DESIREE	16
DVORA	16
EDUARDA	16
ELIA	16
ELŹBIETA	16
EUN	16
FELICYTAS	16
FLAVIA	16
FLORENTINA	16
GERALDINE	16
GIANG	16
IJEOMA	16
INDIRA	16
IVONA	16
JOLANDA	16
JOSÉ	16
KAARINA	16
KAJETANA	16
LANA	16
LAURENCE	16
LEANDRA	16
LESZKA	16
LETIZIA	16
LI	16
LOAN	16
MAHMOUD	16
MARGARYTA	16
MARIA DANUTA	16
MARIA MAŁGORZATA	16
MARIELA	16
MARINE	16
MICHAL	16
MIRABELA	16
MIREILLE	16
MIRJAM	16
NADINA	16
NIKI	16
NIKOLE	16
NNEKA	16
ORSZULA	16
RAFAELLA	16
ROXANNE	16
SILA	16
STEFANI	16
SZYMONA	16
TACJANNA	16
TESSA	16
TOMASZA	16
TRAUTA	16
TYCJANA	16
VERENA	16
YORDANOVA	16
ZINAIDA	16
ZUZIA	16
AMARA	15
ANDROMEDA	15
ANI	15
ANNICK	15
ARNOLDA	15
ASIA	15
ASPAZJA	15
ASTERIA	15
BEATRYCZA	15
BIRGITTA	15
CAROLE	15
CÉLINE	15
CLAUDINE	15
CONSTANZA	15
ELSIE	15
EMINE	15
EUGIENIA	15
FAY	15
FELICITAS	15
GEORGETTE	15
GERTA	15
HARRIET	15
IZABEL	15
JUNG	15
KATRINE	15
LESLIE	15
LISE	15
LOLITA	15
LUCILLE	15
MADLENA	15
MARCIA	15
MARGA	15
MELEK	15
MIROSŁAWA KAZIMIERA	15
NADA	15
NELIA	15
NEOMI	15
OLEKSANDRA	15
PASCALE	15
PENELOPE	15
RABIA	15
RANDIA	15
RENE	15
RIMA	15
ROLANDA	15
ROSARIO	15
ROSEMARY	15
RÓS	15
SAIDA	15
SOLVEIG	15
STÉPHANIE	15
SUN	15
ŚWIETLANA	15
THÉRÈSE	15
WALENTINA	15
WENETA	15
WIKTORA	15
ZITA	15
AIKO	14
ALEXANDRIA	14
AMELA	14
ANDRZEJKA	14
ANNABELL	14
ANNABELLA	14
ANOUK	14
APOLLONIA	14
AYSE	14
BARBRA	14
BOŻENTYNA	14
CÉCILE	14
CLAUDE	14
DANUSIA	14
DEONIZA	14
DIANNE	14
DORIANA	14
EDWIGE	14
ELIANE	14
ELLIE	14
EMI	14
ESPERANZA	14
EVELYNE	14
FELICITY	14
FRANCIS	14
FRIEDERIKE	14
GABRYIELA	14
GEORGIANA	14
HANNELORA	14
HASSAN	14
HAVA	14
HYUN	14
ILANA	14
IVANA	14
JAMILA	14
JANINA MARIA	14
JOHANA	14
JÚLIA	14
KATHERINA	14
KRASIMIROVA	14
KRISTIINA	14
KRZESISŁAWA	14
LAJLA	14
LEANNE	14
LESLEY	14
LUCÍA	14
MADELAINE	14
MADLEN	14
MAXIMA	14
MELINDA	14
MERY	14
MILLENIA	14
MIN	14
NOEMÍ	14
ODETTE	14
ORESTA	14
PRINCESSA	14
PRIYA	14
REDDY	14
ROSEMARIA	14
SALLY	14
SANDRINE	14
SIBEL	14
SOOK	14
STASIA	14
SULISŁAWA	14
ULRYKA	14
VIOLETTE	14
VIRGINIE	14
WERONICA	14
WESNA	14
YASMINA	14
ZOI	14
ZONIA	14
ZUZA	14
ZUZANA	14
AMAKA	13
AMAL	13
ANABELA	13
ANALIA	13
ASTRIDA	13
AURÉLIE	13
BAZYLIA	13
BENIAMINA	13
BOGUMILA	13
CARLOTTA	13
CEREN	13
CHAJA	13
CRISTINE	13
CZESŁAWA KAZIMIERA	13
DESPINA	13
DIMITRA	13
DUNG	13
EDA	13
ELIN	13
ELKE	13
EUDOKIA	13
EUDOKSJA	13
EUSTACHIA	13
FABIA	13
FLEUR	13
GOSŁAWA	13
ILIEVA	13
IMGARDA	13
INÊS	13
IRENA MARIA	13
IRÈNE	13
IRYNA	13
JAROMIRA	13
JOLANTHE	13
JOSÉPHINE	13
JOSETTE	13
KALIKSTA	13
KASJA	13
KSAWERYNA	13
LATIFA	13
LIDWINA	13
LILITH	13
LOIS	13
LORE	13
MAIJA	13
MAKSYMA	13
MALVINA	13
MARCINA	13
MARIA GRAŻYNA	13
MARIA KAZIMIERA	13
MARICA	13
MARTHE	13
MATEA	13
MELANI	13
MICHEL	13
MŚCISŁAWA	13
NADIN	13
NAZ	13
NGỌC	13
NOELA	13
NURIA	13
OANH	13
POPPY	13
QUYNH	13
RACHAEL	13
RENARDA	13
ROBYN	13
ROISIN	13
RUMENOVA	13
SEDA	13
SILVINA	13
STOYANOVA	13
TANYA	13
TERESE	13
THỊ	13
ULRIKA	13
VALENTYNA	13
WENUS	13
YEHUDIT	13
YEN	13
ZAINAB	13
ŻANET	13
ADRIENNE	12
AFRA	12
ALYSSA	12
AMEL	12
ANABELLE	12
ANTONIETTA	12
ARABELLA	12
ARETTA	12
ASENATA	12
AURA	12
AYŞE	12
BRACHA	12
BREGIDA	12
BRUNONA	12
CANSU	12
CHRISTELLE	12
COCO	12
CONCETTA	12
DEE	12
DEL PILAR	12
DELPHINE	12
DERYA	12
EDNA	12
EMILOVA	12
ERMINA	12
ESMA	12
EURELIA	12
FRANCESKA	12
GALIA	12
GENIA	12
GEORGINIA	12
GIUSEPPINA	12
HANNELE	12
HEROMINA	12
HUI	12
IBRAHIM	12
IVETTE	12
IZASŁAWA	12
JAZMIN	12
JOLETTA	12
KAIA	12
KALA	12
KARINE	12
KARMENA	12
KATARIINA	12
KATHRINE	12
KEIRA	12
KIMBERLEY	12
KIRAN	12
KOLETTA	12
LAVINIA	12
LIESELOTTE	12
LIN	12
LISBETH	12
LUCYLIA	12
LY	12
LYNETTE	12
MAKSYMILIA	12
MALAIKA	12
MARCELLE	12
MARCIANNA	12
MARIA ALEKSANDRA	12
MARIA LUDWIKA	12
MARII	12
MARYJA	12
MASZA	12
MELINA	12
MELIS	12
MIMI	12
MITKOVA	12
MOHAMMAD	12
MORGANA	12
NATACHA	12
NICHOLE	12
ODA	12
ODILE	12
OJCUMIŁA	12
OLAMIDE	12
ORIONA	12
POLONIA	12
PRAKASH	12
RAJESH	12
RENIA	12
RENISŁAWA	12
RITTA	12
ROSARIA	12
ROŚCISŁAWA	12
RUDOLFINA	12
SALOME	12
SANDY	12
SIENNA	12
SINÉAD	12
STEPHANIA	12
TALITA	12
TAMIRA	12
TAYLOR	12
TESS	12
UNISŁAWA	12
VENESSA	12
VIVIANE	12
WALLY	12
WIARA	12
WIOSNA	12
ADI	11
ÁGNES	11
AJSZA	11
ALIEVA	11
ANDRÉE	11
ANDREINA	11
ANNE MARIE	11
ARYA	11
ASTA	11
AYESHA	11
AYOMIDE	11
BEA	11
BEATRICZE	11
BENEDYKTYNA	11
BERENICE	11
BERENIKE	11
BONNIE	11
CECILIE	11
CHARLOTA	11
CLARISSA	11
CONSTANZE	11
CORINNA	11
CZESLAWA	11
DANIEL	11
DAYANA	11
DEFNE	11
DROGOSŁAWA	11
DUONG	11
ECEM	11
EWITA	11
FRANCZESKA	11
GILDA	11
GISELE	11
GIZEM	11
HALIMA	11
HANELORA	11
HAYDEE	11
HENIA	11
HUSSAIN	11
HWA	11
INGEBURG	11
INNOCENTA	11
ISOBEL	11
IVANKA	11
JACKIE	11
JADWIGA TERESA	11
JOLIE	11
JUDIT	11
KAROLIINA	11
KAYE	11
KHRYSTYNA	11
LARYSSA	11
LIESBETH	11
LIZ	11
LOREDANA	11
LUCIENNE	11
MADGALENA	11
MAGADALENA	11
MAGADLENA	11
MARIA FRANCISZKA	11
MEDARDA	11
MISZEL	11
MORGAN	11
NAIMA	11
NANA	11
NAWOJA	11
NOËLLE	11
OGECHI	11
OK	11
PATRÍCIA	11
PHOEBE	11
PIOTRA	11
PLAMENOVA	11
RAHEL	11
RANIA	11
RIM	11
ROZITA	11
SALI	11
SASZA	11
SHIRA	11
SIEGLINDE	11
SU	11
SULTAN	11
SULTANA	11
TANJA	11
TIMEA	11
VANDA	11
WENECJA	11
WILHELMA	11
ZDZISŁAWA KAZIMIERA	11
ZENAIDA	11
ZYGRYDA	11
ABIGAJL	10
ADAMA	10
ADAOBI	10
ADELGUNDA	10
AGA	10
AGNÈS	10
AISLING	10
AKUA	10
ALISHA	10
ANASTASIIA	10
ANDREE	10
ANNA BARBARA	10
ARABELA	10
ARIANE	10
ARIEL	10
ASSUNTA	10
AZIZA	10
BEATRYCA	10
BEYZA	10
BLANCHE	10
BOGUMIŁA KAZIMIERA	10
BORZYSŁAWA	10
CAITLIN	10
CARMEL	10
CATHRINE	10
CHIDERA	10
CLOE	10
CRYSTAL	10
CYPRIANA	10
DILAN	10
DIONIZJA	10
DOREEN	10
DORINA	10
EDELGARDA	10
EDELTRAUTA	10
EDELTRUDA	10
ELLY	10
ELOISE	10
FLORINA	10
FRANCE	10
GAYLE	10
GIANNA	10
HALINA MARIA	10
IONA	10
IREM	10
IRYS	10
IZABELL	10
JAN	10
JOANN	10
JÓZEFATA	10
KAMELA	10
KÄTHE	10
KHADIJA	10
KORDELIA	10
KRUSZYNA	10
KÜBRA	10
KYLIE	10
LAMBERTA	10
LEENA	10
LILJANA	10
LIZETTA	10
LOREN	10
LUBOW	10
LÚCIA	10
LUDMIRA	10
MAŁGORZATA KAZIMIERA	10
MANOJ	10
MARGRET	10
MARIA BOŻENA	10
MARIA STEFANIA	10
MARJA	10
MARJATTA	10
MARJORIE	10
MARLEEN	10
MARLEN	10
MARTINOVA	10
MELIKE	10
MICHAEL	10
MIHAYLOVA	10
MIRKA	10
MOIRA	10
MURIEL	10
NATHALIA	10
NIKOLOVA	10
NORMA	10
OLENKA	10
OLESŁAWA	10
OLHA	10
OLSZYNA	10
ORNELLA	10
PRISCILA	10
PRZYBYSŁAWA	10
REBEKKA	10
RYWKA	10
SABBA	10
SANTA	10
SAVANNAH	10
SENDI	10
SHANTI	10
SIDONIA	10
SIMA	10
SINGH	10
SONYA	10
STEFANOVA	10
SYBILIA	10
TAM	10
TONI	10
TRUDA	10
ULIANA	10
ULLA	10
VANINA	10
VASILIKI	10
VITA	10
WENANTA	10
WENESSA	10
WINIFRED	10
WITALIA	10
XIMENA	10
YANINA	10
YANKOVA	10
YOLANTA	10
ZEHRA	10
ZSÓFIA	10
ADEOLA	9
ALEKSANDRA MARIA	9
ALIYAH	9
ALIZA	9
AMBROZJA	9
ANAÏS	9
ANDREIA	9
ANDZELIKA	9
ANGELES	9
ANGÉLIQUE	9
ANISA	9
ARIETTA	9
ARIKA	9
ARISA	9
ARWEN	9
ARWENA	9
ASHANTI	9
ASLI	9
ASTRA	9
ASYA	9
ATIENO	9
AVRIL	9
AWA	9
AYELEN	9
BANU	9
BÄRBEL	9
BELA	9
BERNADYTA	9
BERNICE	9
BLESSING	9
BOGUSLAWA	9
BRITT	9
BRONISŁAWA KAZIMIERA	9
BRUNA	9
BURCU	9
CÄCILIE	9
CATHARINE	9
CATHY	9
CHANTEL	9
CHARLIE	9
CLEO	9
COLETT	9
CONCEPCION	9
CSILLA	9
DAMLA	9
DEEPAK	9
DEMETRIA	9
DÉSIRÉE	9
DESTINY	9
DOMENICA	9
DOMINKA	9
DZIERŻYSŁAWA	9
ELFREDA	9
ELISABETA	9
ELIZABETA	9
ELPIDA	9
EMILLY	9
EMIRA	9
EMMANUELA	9
ERAZMA	9
ESME	9
EVIE	9
EVITA	9
EZGI	9
FATOU	9
FOTINI	9
GAMZE	9
GAUDENCJA	9
GAYA	9
GEORGETA	9
GIOIA	9
GREGORIA	9
HAN	9
HARPER	9
HASMIK	9
HATICE	9
HAYLEY	9
HENDRIKA	9
HILDE	9
HUGUETTE	9
HYGINA	9
ILARIA	9
INÈS	9
IOANNA	9
JAGA	9
JAKUBINA	9
JEANINE	9
JEONG	9
JOHANNE	9
JOWANKA	9
KARIOKA	9
KASSANDRA	9
KENZA	9
KHANH	9
KONSTANTINA	9
LAURENTYNA	9
LIJA	9
LOVE	9
LOVISA	9
LUBOSŁAWA	9
ŁUCJANNA	9
MACARENA	9
MACIEJKA	9
MADALENA	9
MAEVE	9
MANON	9
MARGAUX	9
MARIA URSZULA	9
MARIA WANDA	9
MARIAH	9
MARILYN	9
MARITTA	9
MARIZA	9
MARYNIKA	9
MAURYCJA	9
MÉLANIE	9
MICHAELLE	9
MICHELL	9
MIRABELLA	9
MIRENA	9
MIRIA	9
MIRYAM	9
NGAN	9
NOUR	9
ODONA	9
OLEŃKA	9
ORCHIDEA	9
PANDORA	9
PAZ	9
PRINCESS	9
RADHIKA	9
RAFFAELLA	9
REGINE	9
ROMANNA	9
ROZETA	9
RÓZA	9
RÓŻAMARIA	9
SANA	9
SANTINA	9
SEMIRA	9
SEWERA	9
SIGRIDA	9
SINIKKA	9
SOFIIA	9
STEPHANY	9
SVETOSLAVOVA	9
SWIETLANA	9
SYLENA	9
SZANEL	9
TARIRO	9
TATIANNA	9
TIZIANA	9
TOMISŁAWA	9
TRINITY	9
TSAMBIKA	9
TUULIKKI	9
UMA	9
VALENTINOVA	9
VALÉRIE	9
VASILEVA	9
VENUS	9
VICKY	9
WENEDA	9
WIECZYSŁAWA	9
YOLANDE	9
ZENA	9
ZOË	9
ZULA	9
AFRODITI	8
ALEKSANDROVA	8
ALEXSANDRA	8
ALLEGRA	8
AMATA	8
ANANDA	8
ANASTASIJA	8
ANDRZELA	8
ANELIZA	8
ANETKA	8
ANGIELA	8
ANITTA	8
ANNI	8
ANN-MARIE	8
ANTONIETA	8
ARANKA	8
ASTRIT	8
AUGUSTE	8
AZRA	8
BARBARA KRYSTYNA	8
BEDA	8
BERTHA	8
BRUNHILDE	8
BÜŞRA	8
CARLOTA	8
CHAVA	8
CHEYENNE	8
CHINASA	8
CHINENYE	8
CYCYLIA	8
DAN	8
DANUTA MARIA	8
DARLENA	8
DÉBORA	8
DOLMA	8
DONA	8
DOROTEA	8
DOROTHEE	8
DZESIKA	8
EDEN	8
EDIT	8
ELECTRA	8
ELSBETH	8
EMANUELLA	8
EMESE	8
EUGENIE	8
EWALDA	8
EZGİ	8
FAJGA	8
FELISA	8
FIORELLA	8
FRANCISKA	8
GABI	8
GALA	8
GERLINDA	8
GERMAINE	8
GITLA	8
GRAŻYNA MARIA	8
GRZESŁAWA	8
HAZAL	8
HERMIONA	8
HILA	8
HIPOLITA	8
HONORA	8
HƯƠNG	8
IFIGENIA	8
IGNACA	8
INGRYD	8
ISMET	8
IULIA	8
IWANKA	8
IZIS	8
JANICE	8
JARYNA	8
JEANETTA	8
JELENA	8
JEMIMA	8
JESUS	8
JIMENA	8
JOACHIMA	8
JOELLE	8
JORDAN	8
JOSEPHIN	8
KAMAL	8
KARMELITA	8
KATARZYNA MARIA	8
KIRSTEN	8
KONSTANCIA	8
KRYSIA	8
KRYSTYNA ZOFIA	8
KRZYSIA	8
KSENA	8
LATOJA	8
LIISA	8
LIZELOTA	8
LIZETH	8
LOREEN	8
LORIN	8
LUCE	8
LUIZE	8
LULU	8
MACKENZIE	8
MALIN	8
MARCYNA	8
MAREN	8
MARGALIT	8
MARGO	8
MARIA HALINA	8
MARIA KATARZYNA	8
MARIANE	8
MARIETTE	8
MARISOL	8
MARISSA	8
MARKIZA	8
MARLETA	8
MARYA	8
MAUD	8
MAŻENNA	8
MELA	8
MELODIA	8
MIJAL	8
MILIANA	8
MILLIE	8
MIŁOCHNA	8
NADIEŻDA	8
NASTASIA	8
NATASCHA	8
NGUYEN	8
NILA	8
NISA	8
NNENNA	8
NOOR	8
NOREEN	8
OLIVE	8
OLUWAKEMI	8
OR	8
OZANNA	8
PANAJOTA	8
PARASKIEWIA	8
PAULE	8
PHƯƠNG	8
PRECIOUS	8
PULCHERIA	8
RAJENDRA	8
RAVINDRA	8
RIHANNA	8
RODICA	8
ROKSOLANA	8
ROMY	8
RONJA	8
RUBINA	8
SADIE	8
SAKINA	8
SALIMA	8
SAMIR	8
SAWANA	8
SEVGI	8
SILWANA	8
SIMON	8
SKARLET	8
SONITA	8
SORAJA	8
STAFANIA	8
STANISŁAWA MARIA	8
SURESH	8
SUZANA	8
ŚNIEŻANA	8
ŚWIATOSŁAWA	8
TEA	8
TEMITOPE	8
TERENIA	8
TIA	8
TODOROVA	8
TOMIŁA	8
TRACY	8
TRAM	8
TRAUTE	8
TULIA	8
ULANA	8
UNA	8
UYEN	8
WALTRAND	8
WITALISA	8
WŁODZIMIRA	8
WŁODZISŁAWA	8
WON	8
XENA	8
YANG	8
YING	8
YOSEFA	8
ZELIA	8
ZLATA	8
ZOÉ	8
ABDULLAH	7
AHMAD	7
AILIN	7
AINHOA	7
AKWILINA	7
ALESIA	7
ALEYNA	7
ALIYA	7
ALMIRA	7
AMANI	7
AMRITA	7
ANDRÉA	7
ANDRONIKA	7
ANGELINE	7
ANICENTA	7
ANISSA	7
ANNELIES	7
ANNELISE	7
ANTONIE	7
APOLINARA	7
ARIELLE	7
ARINA	7
ARZU	7
ASHA	7
BABETTE	7
BAHAR	7
BEGÜM	7
BERFIN	7
BERNADKA	7
BERNATKA	7
BETYNA	7
BIBI	7
BIBLIANNA	7
BIRGIT	7
BOGUSIA	7
BORZENNA	7
BRITTA	7
BRYGITTA	7
CARINE	7
CARYS	7
CASANDRA	7
CATTLEYA	7
CHIDIMMA	7
CLÉMENCE	7
CZEKINA	7
DAKOTA	7
DANIELE	7
DANINA	7
DARA	7
DE LOS ANGELES	7
DEMIROVA	7
DEZYDERIA	7
DOBROGNIEWA	7
DORIT	7
DOROTA MARIA	7
DROGOMIRA	7
EKSPEDYTA	7
ELISSA	7
ELLE	7
ELLENA	7
ELSTERA	7
EMILI	7
EMILIANNA	7
ENYA	7
ÉVA	7
EVANGELINE	7
EVELIN	7
EVIN	7
FANI	7
FEDERICA	7
FLORENTINE	7
FRANKA	7
GEMA	7
GENEVIÈVE	7
GERTRUDE	7
GIORGIA	7
GORETA	7
GRAZIELLA	7
GWEN	7
HANNA MARIA	7
HÉLÉNA	7
HELENA MARIA	7
HÉLÉNE	7
HELIN	7
HILARA	7
HỒNG	7
HORTENZJA	7
HULDA	7
ILEANA	7
IMISŁAWA	7
INNA	7
ISADORA	7
IVA	7
IVAYLOVA	7
IVETTA	7
IWANNA	7
IZABELLE	7
JAEL	7
JAMES	7
JANNA	7
JESICCA	7
JILL	7
JOCELYN	7
JOLENE	7
JORDANA	7
JOVITA	7
JÓZEF	7
JU	7
JUTRZENKA	7
KALUDIA	7
KASJOPEA	7
KATALEYA	7
KATALINA	7
KEMI	7
KHALIFA	7
KHAN	7
KIRILOVA	7
KONKORDIA	7
KOSTKA	7
KRESCENCJA	7
LAGERTHA	7
LATOYA	7
LAURETA	7
LAXMI	7
LETOSŁAWA	7
LILIOZA	7
LILLIA	7
LILU	7
LINDSAY	7
LUCIJA	7
LUCILA	7
LUCILE	7
LUCYLA	7
LUSIA	7
LYUDMILOVA	7
MAGALENA	7
MAGALÍ	7
MAGORZATA	7
MAKSYMILIANNA	7
MALAK	7
MALCA	7
MARETTA	7
MARGARETH	7
MARGARITTA	7
MARIA BOGUMIŁA	7
MARIA CZESŁAWA	7
MARIA JOANNA	7
MARIA RÓŻA	7
MARIANN	7
MARIE ANNE	7
MARIEKE	7
MARIE-LOUISE	7
MARINELA	7
MARINOVA	7
MARLIS	7
MAŻENA	7
MEA	7
MEREDITH	7
MERI	7
MICHALDA	7
MICHELINE	7
MIŁKA	7
MISZELA	7
MORGANE	7
MYA	7
NARIN	7
NAZARETH	7
NEILA	7
NIEVES	7
NIJOLA	7
NIKANDRA	7
NJERI	7
NOÉMIE	7
NORBERTYNA	7
OKTAVIA	7
ONYINYE	7
POLINA	7
QUYEN	7
RADHA	7
RADOMIRA	7
RAFAŁA	7
RAJESHKUMAR	7
RAMESHBHAI	7
RANA	7
RAPHAELA	7
REY	7
ROBIN	7
ROCHELLE	7
ROKSANNA	7
ROSINA	7
ROSSANA	7
ROSWITHA	7
ROXANNA	7
ROZYNA	7
RÓŹA	7
RUBI	7
RUVIMBO	7
SAFIRA	7
SAHRA	7
SAMIA	7
SANDEEP	7
SARAI	7
SARBINA	7
SARITA	7
SHELLY	7
SHOSHANA	7
SHULAMIT	7
SIMEONOVA	7
SITA	7
SLAVOVA	7
SOBIESŁAWA	7
SOON	7
STEFANIA MARIA	7
SURI	7
ŚNIEGA	7
TELESFORA	7
TERESA EWA	7
THẢO	7
TÜNDE	7
UCHECHI	7
URSZULA MARIA	7
UTE	7
VALESKA	7
VANANH	7
VIENNA	7
VIORICA	7
VLADIMIROVA	7
WALTRUDA	7
WENANCJA	7
WHITNEY	7
WIĘCZYSŁAWA	7
WIOLLETA	7
WIRDŻINIA	7
WISENNA	7
WSZEMIŁA	7
XUAN	7
YAĞMUR	7
YAMINA	7
YẾN	7
YEON	7
YOKO	7
YONA	7
ZANETA	7
ZARINA	7
ZDRAVKOVA	7
ZELDA	7
ZOFIA TERESA	7
ŻENATA	7
ABDUL	6
ABDULLAH A	6
ABENA	6
ACHIENG	6
ADRIENN	6
AGNÉS	6
AGNESE	6
AILEN	6
AKOSUA	6
AKTER	6
ALARA	6
ALEKOVA	6
ALEKSIEVA	6
ALEKSNDRA	6
ALI A	6
ALIANA	6
ALISSA	6
AŁŁA	6
AMALIE	6
AMELKA	6
AMINATA	6
AMPARO	6
ANGELE	6
ANGELLA	6
ANNA JANINA	6
ANNA ZOFIA	6
ANNEKE	6
ANNETA	6
ANSTAZJA	6
ANTJE	6
ANTONINA MARIA	6
ARIETA	6
ARLETTE	6
ARMELA	6
ASENA	6
ASHOK	6
ASUNCION	6
AUDE	6
AURELIE	6
AURIKA	6
AYLEN	6
AYU	6
BARBARA ELŻBIETA	6
BATIA	6
BATOOL	6
BÉATRICE	6
BEGUM	6
BELL	6
BENEDETTA	6
BENIGDA	6
BETHANY	6
BICH	6
BINH	6
BLUE	6
BLUMA	6
BOGDANNA	6
BOLA	6
BOŻANNA	6
BRIGID	6
CAN	6
CASEY	6
CATHLEEN	6
CATRIN	6
CEYDA	6
CHERUBINA	6
CHERYL	6
CHRISTIE	6
CLÉMENTINE	6
CLEOPATRA	6
CLOTILDE	6
COLLETTE	6
CONSUELO	6
CORALIE	6
CORDELIA	6
COROMOTO	6
COURTNEY	6
DANAI	6
DANUTA ZOFIA	6
DARLENE	6
DE LOURDES	6
DIEP	6
DILEK	6
DITA	6
DOBRONIEGA	6
DYMITRA	6
DŻENIFER	6
EIRINI	6
ELEN	6
ELEONOR	6
ELMA	6
ELŻBIETA TERESA	6
EMEL	6
EMILJA	6
EMMANUELLA	6
ESI	6
ESZTER	6
FANTA	6
FATOUMATA	6
FIDELISA	6
FLOR	6
FLORIA	6
FLORICA	6
FOLASADE	6
FORTUNA	6
FRANCISCO	6
FUNMILAYO	6
GALINOVA	6
GAY	6
GIERTRUDA	6
GILA	6
GILLIAN	6
GIRMA	6
GIULIETTA	6
GIUSY	6
GÖZDE	6
HALINKA	6
HASANOVA	6
HEIKE	6
HELANA	6
HELENKA	6
HERMINE	6
HINDA	6
HISHAM	6
HOÀI	6
HUE	6
ILSA	6
IMOGENA	6
INDIANA	6
INESA	6
IONELA	6
IRA	6
IRKA	6
ISKRA	6
IVETA	6
IWONIA	6
IZYTA	6
JACOBA	6
JADWIGA BARBARA	6
JAGUSŁAWA	6
JAMIE	6
JANETH	6
JANINA ZOFIA	6
JASSICA	6
JIE	6
JING	6
JOANNA MARIA	6
JOËLLE	6
JOLENTYNA	6
JONATA	6
JOVANKA	6
JÓZEFA MARIA	6
JUANITA	6
JUDY	6
JUNONA	6
JURANDA	6
KARA	6
KARMINA	6
KAYLEE	6
KEIKO	6
KHALED	6
KOLEVA	6
KONSTANZE	6
KOSMA	6
KRISHNA	6
KRYSTIANNA	6
KRYSTYNA JÓZEFA	6
KRZESŁAWA	6
KSAWERIA	6
LAJA	6
LAURETTA	6
LE	6
LEJA	6
LENE	6
LENKA	6
LEONI	6
LIBERATA	6
LILIANNE	6
LILJANNA	6
LILKA	6
LILLIANA	6
LIZYSTRATA	6
LORNA	6
LUCINDA	6
LUPITA	6
LUSI	6
ŁAJA	6
ŁARISA	6
MADINA	6
MAEBH	6
MAGDALÉNA	6
MAGDALENA MARIA	6
MAKSIMA	6
MALIA	6
MAMERTA	6
MARGRETHE	6
MARIA BRONISŁAWA	6
MARIA GABRIELA	6
MARIA LUIZA	6
MARIE-ANNE	6
MARIELLA	6
MARIEM	6
MARILENA	6
MARIS	6
MARYTA	6
MEDEA	6
MELITTA	6
MERIAM	6
MILDA	6
MILLY	6
MIRTHA	6
MONSERRAT	6
MORENA	6
MUSTAFA	6
NAILA	6
NAINA	6
NARINE	6
NECHAMA	6
NEFELI	6
NKECHI	6
NORAH	6
NURIT	6
OCEANE	6
OLCHA	6
OLESIA	6
ORINA	6
ORIT	6
ORLENA	6
OTYLLA	6
OXANA	6
ÖZLEM	6
ÓSK	6
PATRICE	6
PHILIPPA	6
PHILOMENA	6
PIERRETTE	6
PRAKSYDA	6
PRISCA	6
RAJA	6
RALUCA	6
RAY	6
RIA	6
ROOS	6
ROSALIND	6
ROSŁAWA	6
ROZANETA	6
RÓŻA MARIA	6
RÓŻANNA	6
RUMBIDZAI	6
RUTENDO	6
SABRYNA	6
SAFIA	6
SAI	6
SALOMÉ	6
SANJAY	6
SARI	6
SAROLTA	6
SASHEVA	6
SAWERA	6
SENEM	6
SERRA	6
SEVIM	6
SHAKIRA	6
SHLOMIT	6
SIEGRID	6
SIMHA	6
SIMRAN	6
SINDI	6
STACEY	6
STANISLAVOVA	6
SUDE	6
SUK	6
SUNDARI	6
SUNSHINE	6
SUSANNAH	6
SUZI	6
SVETLANA	6
SYLWERIA	6
TABITA	6
TADESSE	6
TEAGAN	6
TERESA BARBARA	6
TERESA ELŻBIETA	6
TERESA ZOFIA	6
TEREZINHA	6
TERSA	6
THERES	6
THÉRÉSE	6
TING	6
TITILAYO	6
TOLISŁAWA	6
TRAUDA	6
TUYET	6
ULRIKE	6
VERED	6
VERONA	6
VI	6
VIERA	6
VIVIANNE	6
VLADIMIROVNA	6
WALERIANNA	6
WALKIRIA	6
WALLI	6
WAMBUI	6
WANDA JANINA	6
WANJIRU	6
WASILIKI	6
WENATA	6
WIEROSŁAWA	6
WIKTORIA MARIA	6
WINCENCJA	6
WINONA	6
WIRA	6
WIWIEN	6
YAGODA	6
YAN	6
YASMEEN	6
YU	6
YULIA	6
YULIIA	6
ZAHIRA	6
ZBISŁAWA	6
ZHIVKOVA	6
ZILAN	6
ZIUTA	6
ZOEY	6
ZORA	6
ŻENIA	6
ABIMBOLA	5
ABIOLA	5
ADENIKE	5
ADINA	5
ADWOA	5
AGATE	5
AGNIESZKA MARIA	5
AHMED A	5
AHUVA	5
AIMÉE	5
AINE	5
AKINYI	5
ALDINOVA	5
ALICJA MARIA	5
ALLA	5
ALONA	5
AMANDINE	5
AMARANTA	5
AMBRE	5
AMNA	5
ANASTACIA	5
ANAT	5
ANAYA	5
ANDZIA	5
ANELIA	5
ANJALI	5
ANKA	5
ANNA KATARZYNA	5
ANNA KRYSTYNA	5
ANNAMARIE	5
ANNELIESA	5
ANNETTA	5
ANNIKKI	5
ANWAR	5
ANYANGO	5
ANZELMINA	5
APOLINA	5
ARGENTINA	5
ARMINE	5
ARSHAD	5
AUGUSTINA	5
AYSHA	5
BAO	5
BASSEM	5
BATYA	5
BENJAMINA	5
BERNA	5
BERNADETT	5
BERYL	5
BÍCH	5
BŁAŻENA	5
BONITA	5
BORZYNA	5
BRITTANY	5
BROOK	5
BROOKLYN	5
BUKET	5
BUSE	5
ÇAĞLA	5
CALISTA	5
CAMERON	5
CANDELA	5
CANDY	5
CATRIONA	5
CECILY	5
CEMILE	5
CEMRE	5
CEYLAN	5
CHANELL	5
CHANNEL	5
CHARLINE	5
CHERIE	5
CHIKA	5
CHING	5
CHINWE	5
CHINWENDU	5
CHRISTY	5
CHRYSTYNA	5
CIRI	5
CLARISSE	5
CLELIA	5
CLEMENCE	5
CONCHITA	5
CONSUELA	5
COSIMA	5
DALEBORA	5
DANAE	5
DANISŁAWA	5
DANKA	5
DARJA	5
DAVINA	5
DEBRA	5
DELICJA	5
DEMI	5
DINESH	5
DOGMARA	5
DOLORIS	5
DOMONIKA	5
DOMOSŁAWA	5
DONATELLA	5
DUNIA	5
DZIEWANNA	5
EDDA	5
EDYTTA	5
EFTYCHIA	5
EHAB	5
EKATERINA	5
ELEFTERIA	5
ELİF	5
ELINOR	5
ELISABETE	5
ELKA	5
ELZE	5
EMERENCJANNA	5
EMMI	5
ENRICA	5
ERNESTINA	5
ERNESTINE	5
ERZSÉBET	5
ESMEE	5
ESTRELLA	5
ETTA	5
EUFENIA	5
EWANGELINA	5
EWARYSTA	5
EZECHIELA	5
FATHIMA	5
FATIHA	5
FILIPOVA	5
FILIPPA	5
FILIZ	5
FLORE	5
FREDERIKA	5
FULYA	5
GABRIEL	5
GABRYSIA	5
GAL	5
GALIT	5
GARCIA	5
GENE	5
GENEVIÉVE	5
GERLINDE	5
GERMANA	5
GHISLAINE	5
GIMENA	5
GINETTE	5
GITA	5
GOLDA	5
GORETTA	5
GORETTI	5
GRACJELA	5
GRZYMISŁAWA	5
GWIDONA	5
HANELORE	5
HANY	5
HASAN	5
HELA	5
HELLEN	5
HERTHA	5
HERUBINA	5
HILAL	5
HOANG	5
HUA	5
HUSSEIN	5
IAEL	5
IBOLYA	5
IFE	5
ILAYDA	5
ILIANNA	5
IMGARD	5
IMOGEN	5
INGELORE	5
INGRIT	5
INMACULADA	5
IRENA ELŻBIETA	5
IRWINA	5
ITZEL	5
IWET	5
JACGUELINE	5
JADRANKA	5
JADWIGA ANNA	5
JAE	5
JANINA TERESA	5
JARMIŁA	5
JAYE	5
JAZMÍN	5
JENIFFER	5
JESSIE	5
JEŻYNA	5
JI	5
JOÃO	5
JOLETA	5
JONA	5
JOSEFIN	5
JOSEPH	5
JOSEPHA	5
JOSIANE	5
JULA	5
JULETTA	5
JULIA MARIA	5
KAJSA	5
KALIOPI	5
KAMENOVA	5
KANDYDA	5
KARI	5
KARMELIA	5
KAROL	5
KATEVA	5
KATINA	5
KATY	5
KAYAH	5
KAZIMIRA	5
KETAN	5
KHALID	5
KIKA	5
KIM ANH	5
KIRIAKI	5
KLÁRA	5
KLEO	5
KOLET	5
KOUR	5
KRISTEN	5
KRISTÍN	5
KRZYSŁAWA	5
KUBRA	5
KUDZAI	5
KYOUNG	5
LALA	5
LANANH	5
LEEANN	5
LEELOO	5
LEONCJA	5
LIBERTA	5
LIBUSZA	5
LÍF	5
LILIJANNA	5
LILIT	5
LIND	5
LINDSEY	5
LING	5
LINN	5
LISELOTTA	5
LISELOTTE	5
LISETTE	5
LIYA	5
LOUISE MARIE	5
LUBINA	5
LUBOMIRA KAZIMIERA	5
LUBOV	5
LUÍSA	5
LYLA	5
MAARIT	5
MADE	5
MAFALDA	5
MAGDAELNA	5
MAGDLAENA	5
MAGDOLNA	5
MAGNOLIA	5
MAILAN	5
MALA	5
MÁRCIA	5
MARGARETTE	5
MARGOTT	5
MARIA AGNIESZKA	5
MARIA MONIKA	5
MARIAMA	5
MARIBEL	5
MARIE LOUISE	5
MARIOLLA	5
MARISKA	5
MARLIES	5
MARSHA	5
MARYKA	5
MARYSE	5
MASOUD	5
MAXI	5
MAXIME	5
MEDINE	5
MELODIE	5
MELTEM	5
MENUCHA	5
MERIEM	5
MGDALENA	5
MICOL	5
MIGUEL	5
MILENOVA	5
MILEY	5
MILKA	5
MILLENA	5
MINERVA	5
MINIKA	5
MIRIAN	5
MIRIANA	5
MIROSLAVOVA	5
MISAKI	5
MONTSERRAT	5
NADIJA	5
NADYA	5
NAIR	5
NAIRA	5
NALEDI	5
NANDI	5
NANETTE	5
NARCISA	5
NASTASSIA	5
NATALÍ	5
NATALY	5
NDIDI	5
NEPOMUCENA	5
NERINA	5
NGÂN	5
NHU	5
NICOLLA	5
NOÉMI	5
NOLWENN	5
NONNA	5
NORIN	5
OANA	5
OCÉANE	5
OLENIA	5
OLUWASEUN	5
OPHELIA	5
ORSOLYA	5
OTTILIE	5
OTTYLIA	5
OTYLDA	5
ÖZGE	5
PARAG	5
PASCALINE	5
PAULIINA	5
PHILIPPINE	5
PIERA	5
PINAR	5
PING	5
PIOTRYNA	5
PRZEMIŁA	5
QUINN	5
QUỲNH	5
RACHELLE	5
RACHIDA	5
RADOSLAVOVA	5
RAISSA	5
RAN	5
REBECKA	5
REDA	5
RENAE	5
RIBANA	5
RIKA	5
RILEY	5
RINA	5
RONIT	5
ROSALINDA	5
ROSSANNA	5
ROZALINDA	5
ROZYTA	5
RÓSA	5
RUSEVA	5
RUSŁANA	5
RUVARASHE	5
RUŻENA	5
SALEH	5
SALEM	5
SAMAR	5
SAMARA	5
SANTOS	5
SARAY	5
SARIT	5
SELİN	5
SEMA	5
SEVDALINOVA	5
SHANI	5
SHILOH	5
SHIRIN	5
SIEGRIED	5
SILENA	5
SILKE	5
SILVIEVA	5
SILWIA	5
SŁAWKA	5
SOFIYA	5
SOPHIE MARIE	5
SRI	5
STANISLAVA	5
STANISŁAW	5
SURA	5
SYMONA	5
TALIA	5
TAREQ	5
TEODORIA	5
TERESA ANNA	5
TERESA URSZULA	5
TERESINHA	5
TETIANA	5
THOMAS	5
THUONG	5
TIANA	5
TIEN	5
TIFANI	5
TINH	5
TRACEY	5
TRAN	5
TU	5
TUYEN	5
VASILICA	5
VESELINOVA	5
VICTOIRE	5
VIKI	5
VIKRAM	5
VINCENZA	5
VIRA	5
VITORIA	5
VIVI	5
WALA	5
WALENCJA	5
WASYLIKI	5
WAWRZYNA	5
WAYAN	5
WEN	5
WERIDIANA	5
WIAROSŁAWA	5
WIĘCESŁAWA	5
WIRGILIA	5
WISŁA	5
WŁADIMIROWNA	5
WŁADYSŁAWA MARIA	5
WŁODZIMIERZA	5
YANA	5
YILDIZ	5
YOVCHEVA	5
YUKI	5
YUMI	5
ZEFIRA	5
ZENAJDA	5
ZIGLINDA	5
ZIVA	5
ZOFIA ANTONINA	5
ZOFIA JANINA	5
ZORIKA	5
ZULEMA	5
ZYTTA	5
ŻORŻETA	5
ŻYWISŁAWA	5
AARICIA	4
ABBAS	4
ABDULLAH M	4
ABDULLAHI	4
ABI	4
ABIGAJ	4
ABIR	4
ABISOLA	4
ABRA	4
ADANNA	4
ADELINE	4
ADELLA	4
ADHIAMBO	4
ADIA	4
ADNAN	4
ADRIANE	4
AE	4
AGAPE	4
AGLAJA	4
AGNESZKA	4
AGNISZKA	4
AIKATERINI	4
AILÉN	4
AINA	4
AISCHA	4
AJAYKUMAR	4
AKEMI	4
AKSANA	4
AKSYNIA	4
ALAA	4
ALDA	4
ALDANA	4
ALEKSANDA	4
ALEKSANDERA	4
ALEKSANDROWNA	4
ALEKSANRA	4
ALEKSJA	4
ALESANDRA	4
ALETTA	4
ALEV	4
ALI M	4
ALICA	4
ALIDIA	4
ALITA	4
ALMUDENA	4
ALYA	4
AMATULLAH	4
AMIDALA	4
AMIE	4
AMINE	4
AMIT	4
ANABELL	4
ANAHIT	4
ANAHITA	4
ANAIT	4
ANAND	4
ANASTASJA	4
ANASTASSIA	4
ANDRA	4
ANDRIANA	4
ANGE	4
ANGIE	4
ANIELKA	4
ANIL	4
ANIUTA	4
ANNA ANTONINA	4
ANNA IRENA	4
ANNA JADWIGA	4
ANNA MARTA	4
ANNA TERESA	4
ANNASTASIA	4
ANNELIZA	4
ANNELORE	4
ANNIINA	4
ANNITA	4
ANNUNZIATA	4
ANOUSHKA	4
ANTONINA TERESA	4
ANTONOVA	4
ANTOSIA	4
ANU	4
ANULA	4
ANUNCJATA	4
APHRODITE	4
APOLINARIA	4
ARACELI	4
ARAYA	4
ARIADNE	4
ARIANNE	4
ARJA	4
ARLENE	4
ARMIDA	4
ARTI	4
ARYANA	4
ARYSTYDA	4
ASEVA	4
ASHISH	4
ASHLEIGH	4
ASSIA	4
ATANAZJA	4
ATHANASIA	4
AULALIA	4
AVERY	4
AVIVA	4
AYALA	4
AYÇA	4
BANO	4
BARBARA EWA	4
BARBARA MAŁGORZATA	4
BARBARA TERESA	4
BARCELONA	4
BAŞAK	4
BEATRYCJA	4
BELITA	4
BENATA	4
BENTE	4
BERIT	4
BETUL	4
BEVERLY	4
BIBIJANNA	4
BILHA	4
BINA	4
BJÖRG	4
BLAKE	4
BOGDANKA	4
BOGUDARA	4
BOGUSŁAWA KAZIMIERA	4
BOHDANNA	4
BOLESŁAWA KAZIMIERA	4
BONIFACA	4
BOŻENKA	4
BOŻYNA	4
BRIANNE	4
BRYGITA	4
CALLA	4
CARMELINA	4
CARMELLA	4
CASTILLO	4
CATHRIN	4
CECÍLIA	4
CÉLIA	4
CERYLA	4
CHANDRASHEKHAR	4
CHARMAINE	4
CHAYENNE	4
CHIDIMA	4
CHIDO	4
CHINTAN	4
CHIZARAM	4
CICHOSŁAWA	4
CLARISE	4
CLOÉ	4
COLETTA	4
COMFORT	4
CORAL	4
CRISTIANE	4
CYRYLLA	4
CZANITA	4
DAFNI	4
DALMA	4
DANIA	4
DAROSŁAWA	4
DASI	4
DASZA	4
DE LA CRUZ	4
DEBBY	4
DELA PEÑA	4
DELILAH	4
DEMET	4
DEMETER	4
DEMIREVA	4
DEVORA	4
DEZYDERIUSZA	4
DHAVAL	4
DIDEM	4
DILIP	4
DIVA	4
DIYA	4
DIYANOVA	4
DIZON	4
DJAMILA	4
DOMINGO	4
DONISŁAWA	4
DORCAS	4
DOROTHÉE	4
DURU	4
DUYGU	4
DWOJRA	4
ECRIN	4
EDVIGE	4
EIMEAR	4
EIRA	4
ELBIETA	4
ELEFTHERIA	4
ELEONORE	4
ELÉONORE	4
ELFI	4
ELISHA	4
ELIZABETH MARY	4
ELIZE	4
ELLINOR	4
ELŻBETA	4
ELŻBIATA	4
ELŻBIETA JADWIGA	4
EMANUELLE	4
EMELIE	4
EMELY	4
ÉMILIE	4
EMMELINE	4
EMY	4
ENGELBERTA	4
ENIOLA	4
ENOLA	4
ERMIONI	4
ESIN	4
ESRA	4
EURALIA	4
EURELA	4
EUSTACHA	4
EVANTHIA	4
EVGENIEVA	4
EWA ANNA	4
EWA TERESA	4
EWANGELIA	4
EWERYSTA	4
EYLÜL	4
EZINNE	4
FABIEN	4
FAISAL	4
FARHANA	4
FATIMAH	4
FAUSTINE	4
FAVOUR	4
FEIGA	4
FILADELFIA	4
FILOMEA	4
FRANCA	4
GAËLLE	4
GAJANA	4
GAURAV	4
GAYATRI	4
GENOVEFA	4
GHASSAN	4
GINEVRA	4
GITEL	4
GIUSEPPA	4
GİZEM	4
GODZISŁAWA	4
GÖKÇE	4
GORGONIA	4
GRASYLDA	4
GRETTA	4
GUL	4
GUNILLA	4
HADAR	4
HADAS	4
HADASSA	4
HAI	4
HAIA	4
HAILEY	4
HALE	4
HALINA BARBARA	4
HALINA TERESA	4
HAMZA	4
HANDE	4
HẰNG	4
HEAVEN	4
HEIDEMARIE	4
HEIDRUN	4
HELENA ELŻBIETA	4
HELLA	4
HENNY	4
HENRIKE	4
HERA	4
HERMINIA	4
HIGINA	4
HILARY	4
HILLARY	4
HOAI	4
HONEY	4
HONOROTA	4
HÜLYA	4
HUYỀN	4
HYANG	4
HYE	4
HYUSEIN	4
IARA	4
IBRYAM	4
IFEOLUWA	4
IFUNANYA	4
IKA	4
ILDEFONSA	4
ILDIKO	4
ILIA	4
ILUMINATA	4
IMA	4
IMANE	4
IMEN	4
IMMACOLATA	4
IN	4
INESS	4
INETA	4
INGARDA	4
INGEBURGA	4
INGIBJÖRG	4
INKERI	4
IOLANDA	4
IPEK	4
IQBAL	4
IREN	4
IRIEL	4
IRINI	4
IRMELI	4
IRYDA	4
ISA	4
ISIS	4
ISMAILOVA	4
ISOLDE	4
ISSA	4
IULIANA	4
IWANOWA	4
IWANOWNA	4
IWONA MARIA	4
IZADORA	4
JADA	4
JAGUSIA	4
JANINA BRONISŁAWA	4
JANIS	4
JANISŁAWA	4
JASMIJN	4
JASNA	4
JAŚMIN	4
JENNA	4
JERZYNA	4
JITENDRA	4
JITENDRAKUMAR	4
JOHN	4
JOHNSON	4
JOLANTA MARIA	4
JOLANTA ZOFIA	4
JOLANTE	4
JOLEEN	4
JOSHUA	4
JULIANNE	4
JUNA	4
KADI	4
KADIJA	4
KADIR	4
KALI	4
KALISTA	4
KALLIOPI	4
KAMEL	4
KANI	4
KAORI	4
KAROLIN	4
KATARINE	4
KATARZYNA BARBARA	4
KATEŘINA	4
KATRIINA	4
KAZIMIERZ	4
KELECHI	4
KEMAL	4
KERRY	4
KETTY	4
KHADIDJA	4
KHÁNH	4
KHEIRA	4
KHLOE	4
KONSTANTA	4
KONSTANTINOVA	4
KONWALIA	4
KORYNNA	4
KRISTA	4
KRISTYNA	4
KRISZTINA	4
KRSYTYNA	4
KRYSTYNA ANNA	4
KRYSTYNA HELENA	4
KRZYSZTOFORA	4
KUDAKWASHE	4
KWIATOSŁAWA	4
LAKSZMI	4
LALITA	4
LAM	4
LAMIS	4
LAN ANH	4
LAURINE	4
LEONGINA	4
LESIA	4
LETÍCIA	4
LETITIA	4
LETTY	4
LIAN	4
LIBA	4
LIBERA	4
LIBERTAD	4
LIBI	4
LIDIA MARIA	4
LIEL	4
LIESA	4
LILIJA	4
LILLIANNA	4
LINNÉA	4
LIS	4
LISBET	4
LISSETTE	4
LIZELOTTA	4
LIZET	4
LOJOLA	4
LOPES	4
LORDES	4
LORELEI	4
LORENZA	4
LUCI	4
LUIGIA	4
LUJÁN	4
LULA	4
LYDIE	4
LYNA	4
ŁARYSA	4
ŁUCJANA	4
MADELENE	4
MADONNA	4
MAGDALEN	4
MAGDALENA BARBARA	4
MAGDALINI	4
MAHENDRA	4
MAISIE	4
MAJ	4
MAKSI	4
MALGOSIA	4
MALINI	4
MAŁGORZATA EWA	4
MAŁGOSIA	4
MANDY	4
MANUELLA	4
MARCJANA	4
MAREIKE	4
MARETA	4
MARGERYTA	4
MARGIDA	4
MARGRIT	4
MARIA ANIELA	4
MARIA HANNA	4
MARIA REGINA	4
MARIA RENATA	4
MARIA ROZALIA	4
MARIA WALERIA	4
MARIA-MAGDALENA	4
MARIE MADELEINE	4
MARIE-PIERRE	4
MARIKO	4
MARINELLA	4
MARIOLETTA	4
MARIONETA	4
MARIT	4
MARJANNA	4
MÁRTA	4
MARTA MARIA	4
MARUSIA	4
MARYANN	4
MARYIA	4
MARYLINE	4
MARZENKA	4
MAYELA	4
MAYUMI	4
MAŻANNA	4
MEDINA	4
MEERA	4
MEGI	4
MEHMED	4
MEIRA	4
MELCHIORA	4
MELODI	4
MÉLODIE	4
MERETE	4
MERITA	4
METTE	4
MICHALINA KAROLINA	4
MICHÉLE	4
MICHELLA	4
MIDORI	4
MIEROSŁAWA	4
MIGLENOVA	4
MIKAYLA	4
MILICA	4
MILKOVA	4
MIŁOŚĆ	4
MIOARA	4
MIROSLAVA	4
MISCHEL	4
MISHEL	4
MIYA	4
MIYUKI	4
MLADENOVA	4
MOHAMMED A	4
MOHAMMED S	4
MONIC	4
MÓNIKA	4
MUHAMMAD	4
MUHREZ MEHIMED	4
NAHIR	4
NAJNA	4
NALIN	4
NASTASJA	4
NAYA	4
NAYDENOVA	4
NEA	4
NEDZHIB	4
NEFRETETE	4
NELIDA	4
NELLIE	4
NEMEZJA	4
NEVAEH	4
NGUYET	4
NHAN	4
NIA	4
NICOLINA	4
NIKOLAEVNA	4
NIKOLET	4
NIKOLETT	4
NIL	4
NILDA	4
NINO	4
NİSA	4
NNEOMA	4
NOELI	4
NOELLA	4
NOGA	4
NURCAN	4
OCEAN	4
OGNYANOVA	4
OKSANNA	4
OLATOKUNBO	4
OLEKSANDRIVNA	4
OLUWAFUNMILAYO	4
OLUWATOYIN	4
OLWIA	4
OMAR	4
ONA	4
ONOME	4
ORIANNA	4
ORNELA	4
ORYSIA	4
OSZKA	4
OTTILIA	4
OVERGAARD	4
OYINDAMOLA	4
PANKAJ	4
PARADISE	4
PARESH	4
PARI	4
PARVIN	4
PATIENCE	4
PAUL	4
PAVLOVA	4
PAWEŁKA	4
PEGGY	4
PERNILLA	4
PETER	4
PETKOVA	4
PHYLLIS	4
PINA	4
PIOTRUSIA	4
POZIOMKA	4
PRASHANT	4
PREET	4
PREMA	4
PRINCESA	4
PUTRI	4
PUTU	4
RADIKA	4
RADOSTINOVA	4
RADYSŁAWA	4
RAFALINA	4
RAFFAELA	4
RAFKA	4
RAGNA	4
RAHIMA	4
RAHUL	4
RAIN	4
RAINE	4
RAJESHBHAI	4
RANDA	4
RAZIA	4
REA	4
RENEÉ	4
RENETA	4
REYES	4
ROLANDE	4
ROS	4
ROSEANNE	4
ROSELYN	4
ROSI	4
ROSS	4
ROSY	4
ROXANE	4
ROXSANA	4
ROXY	4
ROZAMUNDA	4
ROŻA	4
RUCHLA	4
RYBANA	4
RYWANA	4
RZEPICHA	4
SAAD	4
SAADET	4
SADAT	4
SADE	4
SADIA	4
SAFIYE	4
SAGA	4
SAHAR	4
SAID	4
SAKURA	4
SAMMY	4
SANIA	4
SAPPHIRE	4
SATU	4
SATYA	4
SAWINA	4
SCOTT	4
SELENE	4
SEMILIANA	4
SERWINA	4
SEZEN	4
SEZGIN	4
SHAY	4
SHELBY	4
SHEVA	4
SHIR	4
SIEGLINDA	4
SIENA	4
SIMONETTA	4
SINEM	4
SIOBHÁN	4
SIRIN	4
SIRKKA	4
SIVAN	4
SŁAWENTYNA	4
SOFIA MARIA	4
SOLANA	4
SOLEIL	4
SOLENE	4
SOLOMIIA	4
SOLOMIJA	4
SOLOMON	4
SOO	4
SORCHA	4
SOTERA	4
SÓL	4
SÓLEY	4
STANISŁAWA KRYSTYNA	4
STANISŁWA	4
STANSŁAWA	4
STAR	4
STAVROULA	4
STEFFI	4
STEPHANE	4
SUDHIR	4
SUNNY	4
SVITLANA	4
SWITŁANA	4
SYLVANA	4
SYMEONA	4
SYNDIA	4
SYRENA	4
SZOLASTYKA	4
ŚNIEŻNA	4
ŚNIEŻYNA	4
ŚWIETŁANA	4
TAIS	4
TALI	4
TANAKA	4
TARESA	4
TARJA	4
TASNIM	4
TASSADIT	4
TATENDA	4
TELLERVO	4
TERESA DANUTA	4
TERESA FRANCISZKA	4
TERESA JANINA	4
TERESA JÓZEFA	4
TERESA WŁADYSŁAWA	4
THU HIEN	4
THÙY	4
THỦY	4
TIHOMIROVA	4
TOCHI	4
TOLIMIRA	4
TOMKA	4
TRA	4
TRA MY	4
TRAMI	4
TRUC	4
TSITSI	4
TUULIA	4
UCHECHUKWU	4
URANIA	4
URSEL	4
VALERIEVA	4
VARVARA	4
VEGA	4
VENTSISLAVOVA	4
VESPER	4
VIJAY	4
VINH	4
VINIT	4
VINOD	4
VIOLETOVA	4
WACŁAWA KAZIMIERA	4
WADZANAI	4
WAIRIMU	4
WALDTRAUT	4
WANGUI	4
WAQAR	4
WERONIKA MARIA	4
WICENTYNA	4
WIENCZYSŁAWA	4
WIESIA	4
WIKORIA	4
WILLOW	4
WODZISŁAWA	4
XAWERA	4
YAA	4
YAFA	4
YAFFA	4
YI	4
YULIYANOVA	4
YUN	4
YUNA	4
ZAKI	4
ZEHAVA	4
ZENONIA	4
ZIEMOWITA	4
ZILA	4
ZIPPORA	4
ZOFIA ELŻBIETA	4
ZOHAR	4
ZORIANA	4
ZORZA	4
ZULEJKA	4
ŻAKELINA	4
ŻENETA	4
ŻYWILA	4
ŻYWILLA	4
ABA	3
ABBY	3
ABDALLA	3
ABDULHAMEED	3
ABHIJEET	3
ABIGEIL	3
ABIKE	3
ADALIA	3
ADAORA	3
ADAŚKA	3
ADAUGO	3
ADDISON	3
ADEBIMPE	3
ADÉLE	3
ADÈLE	3
ADELHEIT	3
ADELIA	3
ADIL	3
ADJOA	3
ADLA	3
ADRIANNE	3
ADRIENNA	3
AFINA	3
AFRIYIE	3
AFUA	3
AGGELIKI	3
AGIESZKA	3
AGNETA	3
AGNIES	3
AGOSTINA	3
AGREPINA	3
AGUNG	3
AI	3
AJAY	3
AKACJA	3
AKIKO	3
ALABAMA	3
ALANNAH	3
ALBENA	3
ALBERTINA	3
ALBERTINE	3
ALDIN	3
ALEKANDRA	3
ALEKSANDRA EWA	3
ALEKSANDROVNA	3
ALEKSNADRA	3
ALESKANDRA	3
ALESSA	3
ALEXANDER	3
ALEXANDRINA	3
ALEXANDROVNA	3
ALI H	3
ALIAH	3
ALIANNA	3
ALIN	3
ALISE	3
ALISSON	3
ALIX	3
ALKESANDRA	3
ALOIZA	3
ALOJZIA	3
ALVA	3
ALWIRA	3
ALYCE	3
AMBRA	3
AMÉLIA	3
AMILIA	3
AMMA	3
ANAHI	3
ANANKE	3
ANASTASIYA	3
ANATALIA	3
ANCUTA	3
ANDRADA	3
ANDREEVA	3
ANDRIA	3
ANEL	3
ANELA	3
ANELISE	3
ÁNGELA	3
ANGÉLE	3
ANGELI	3
ANGIOLINA	3
ANIELA ANNA	3
ANIELA MARIA	3
ANIELA TERESA	3
ANIKO	3
ANINA	3
ANKE	3
ANN MARIE	3
ANNA DANUTA	3
ANNA ELŻBIETA	3
ANNA EWA	3
ANNA FELICJA	3
ANNA GRAŻYNA	3
ANNA HELENA	3
ANNA JULIA	3
ANNA MAGDALENA	3
ANNA URSZULA	3
ANNA-MARIE	3
ANNASTAZJA	3
ANNET	3
ANNINA	3
ANTHONIA	3
ANTIGONI	3
ANTONETTE	3
ANTONI	3
ANTONINA KAZIMIERA	3
ANUSHKA	3
ANŻELINA	3
ARETI	3
AREVIK	3
ARIENA	3
ARKADIUSZA	3
ARMELLE	3
ARNETA	3
ARSENIA	3
ARTEMIA	3
ARTUR	3
ARVINDBHAI	3
ASHLEE	3
ASHLING	3
ASTER	3
ASTERA	3
ASUNTA	3
ATALIA	3
ATMA	3
AURORE	3
AUSTIN	3
AVIN	3
AVINASH	3
AWANA	3
AWIETA	3
AXELLE	3
AYAH	3
AYSEL	3
AYTEN	3
AZALIA	3
AZIZ	3
AZUL	3
BAI	3
BAO HAN	3
BARBARA MARIE	3
BARBARA WŁADYSŁAWA	3
BARNADETTA	3
BARTŁOMIEJA	3
BAUTISTA	3
BAYA	3
BAZYLA	3
BEATRIS	3
BEGAM	3
BEGOÑA	3
BEILA	3
BELGIN	3
BENEDICTE	3
BENIA	3
BERNABA	3
BERNADYKTA	3
BERNARD	3
BERNARDKA	3
BERNARDYTA	3
BERONIKA	3
BERRA	3
BERTHE	3
BESTE	3
BETA	3
BETTI	3
BHAGWAN	3
BHARATBHAI	3
BHARATKUMAR	3
BIERUTA	3
BILGE	3
BINTA	3
BIRGITTE	3
BISEROVA	3
BLAIR	3
BŁAŻEJA	3
BOGLÁRKA	3
BOGUMUŁA	3
BOGUWOLA	3
BOHDA	3
BONG	3
BORISLAVOVA	3
BORISOVA	3
BOŻENA JADWIGA	3
BOŻENA MARIA	3
BOŻENNA BARBARA	3
BOŻENNA JADWIGA	3
BOŻESŁAWA	3
BRANDLA	3
BRASK	3
BREUM	3
BRIGITE	3
BRONIA	3
BRONISŁAWA MARIA	3
BRYGITTE	3
BUDZISŁAWA	3
BURHAN	3
BUSRA	3
CALINA	3
CANAN	3
CANDELARIA	3
CANDICE	3
CAOIMHE	3
CARA	3
CARIDAD	3
CARIN	3
CARLY	3
CASTRO	3
CATHERINA	3
CATRINA	3
CAYENNE	3
CELA	3
CELESTINE	3
CELIN	3
CEZAR	3
CHAIA	3
CHANNA	3
CHANTALLE	3
CHELSEY	3
CHINAZA	3
CHIZOBA	3
CHONG	3
CHRYSTEL	3
CHU	3
CIESZYSŁAWA	3
CLAIR	3
CLAUDIE	3
CLEA	3
CLOTHILDE	3
COLEEN	3
COLLIEN	3
CONNIE	3
CONSTANTINA	3
CORINE	3
CORRINE	3
CRISTIANA	3
CYLINA	3
CYRIA	3
CYTA	3
DAFROZA	3
DAGMA	3
DAGNE	3
DAINA	3
DALAL	3
DALE	3
DALIANA	3
DALITA	3
DAMARISA	3
DAMILOLA	3
DANIELOVA	3
DANITA	3
DANUTA ANNA	3
DANUTA EWA	3
DANUTA IRENA	3
DANUTA TERESA	3
DAO	3
DARIANNA	3
DARIUSZA	3
DARYNA	3
DAWIDA	3
DE JESUS	3
DE LA CARIDAD	3
DEEPIKA	3
DEJANIRA	3
DEJZI	3
DEL ROSARIO	3
DEL VALLE	3
DELA CRUZ	3
DELOS REYES	3
DENIS	3
DENISSE	3
DENİZ	3
DERHEM	3
DERIN	3
DESIRÉE	3
DEVIKA	3
DIANITA	3
DIANNA	3
DİLARA	3
DIMITROWA	3
DINESHBHAI	3
DIORA	3
DIPAK	3
DOLLY	3
DOLORESA	3
DOLOROSA	3
DOLOROZA	3
DOMINGOS	3
DOMINIK	3
DONITA	3
DOROTHA	3
DOROTHE	3
DOROTKA	3
DORTHE	3
DRAGNEVA	3
DRZESIKA	3
DUC	3
DUDU	3
DUNJA	3
DYONIZJA	3
DYTA	3
DZINA	3
DŻEMILA	3
EBBA	3
EFFIONG	3
EFTHIMIA	3
EILA	3
EKA	3
EKATERINI	3
EKUA	3
ELBA	3
ELDA	3
ELEANORA	3
ELERI	3
ELFRIDE	3
ELI	3
ELIISA	3
ELISABETHA	3
ELIZABETH MARIA	3
ELIZAVETA	3
ELMAS	3
ELONA	3
ELONORA	3
ELYSE	3
ELZONIA	3
ELŻA	3
ELŻBIETA ANNA	3
ELŻBIETA FRANCISZKA	3
ELŻBIETA IRENA	3
ELŻBIETA JANINA	3
ELŻBIETA WIKTORIA	3
EMALIA	3
EMELINA	3
EMER	3
EMERENCJA	3
EMILIA MARIA	3
EMILII	3
EMILIIA	3
EMINA	3
EMMY	3
EMNA	3
ENA	3
ENAM	3
ENID	3
ENRIQUEZ	3
ERAZMINA	3
ERDENE	3
ERDZHAN	3
ERI	3
ERIS	3
ERZSEBET	3
ESHAL	3
ESHETU	3
ESOHE	3
ESOSA	3
ESTEL	3
ETEL	3
ETELVINA	3
EUGÉNIE	3
EUZEBIUSZA	3
EVA MARIE	3
EVANGELIA	3
EVELIINA	3
EVGENIA	3
EVRIM	3
EWA GRAŻYNA	3
EWA MAŁGORZATA	3
EZZAT	3
EZZELDIN	3
FADIA	3
FAE	3
FANNI	3
FARAG	3
FARRAH	3
FATHI	3
FATHI MOHAMMED	3
FATME	3
FATMOVA	3
FAUSTA	3
FAWAD	3
FEBA	3
FELICE	3
FELICITA	3
FELICJANNA	3
FELIXA	3
FEMKE	3
FERN	3
FEYZA	3
FIFI	3
FIORA	3
FIRMINA	3
FOLAKE	3
FRANCISZKA MARIA	3
FRANIA	3
FRANK	3
FRANKIE	3
FREDERIQUE	3
FREIA	3
FREJDA	3
FREYJA	3
GABY	3
GALLA	3
GAMAL	3
GAMAL AHMED	3
GAURI	3
GENOVEVA	3
GEORGIE	3
GEORGIEWA	3
GÉRALDINE	3
GERALDYNA	3
GERARDINA	3
GERTRAUD	3
GERTRAUDE	3
GESIKA	3
GIA	3
GIFT	3
GIGI	3
GISEL	3
GISÉLE	3
GISSELLE	3
GIULIANA	3
GODWIN	3
GÖKSU	3
GOTFRYDA	3
GRACIE	3
GRAINNE	3
GRAZINA	3
GRAŹYNA	3
GRAŻYNA EWA	3
GRETE	3
GRISELDA	3
GUDULA	3
GUSTYNA	3
GWINONA	3
GWYNETH	3
GYONG	3
GYÖNGYI	3
HÀ	3
HADASSAH	3
HAGAR	3
HẢI	3
HALA	3
HAMED	3
HAMID	3
HANDAYANI	3
HANNALORA	3
HANNA-LORA	3
HANNE	3
HAO	3
HARDING	3
HAREEM	3
HARESH	3
HARLEEN	3
HARLEY	3
HASNA	3
HATİCE	3
HAWA	3
HEIDE	3
HEIDEMARIA	3
HELENA BARBARA	3
HELENA MARTA	3
HEN	3
HENRICA	3
HENRIIKKA	3
HENRIKA	3
HIỀN	3
HIKMAT	3
HIRA	3
HIREN	3
HOAN	3
HOÀNG	3
HORSKAER	3
HORTENCIA	3
HORTENSE	3
HOUDA	3
HRUSHIKESH	3
HYACYNTA	3
IDALLA	3
IDIA	3
IDZIA	3
IFEYINWA	3
IGNACIA	3
IJA	3
IKRAM	3
İLAYDA	3
ILENA	3
ILKOVA	3
ILONKA	3
ILZE	3
IMANI	3
IMRAN	3
IMTIAZ	3
INANNA	3
INDAH	3
INDI	3
INESSA	3
INTI	3
IOLANTA	3
IORDANOVA	3
İPEK	3
IRELAND	3
İREM	3
IRIA	3
IRMTRAUT	3
ISHA	3
ISIDORA	3
ISLYAM	3
ISMAEL	3
ISMINA	3
ITALIA	3
ITTA	3
IVELINOVA	3
IVETT	3
IVON	3
IWONA TERESA	3
IXCHEL	3
IZABELIA	3
JACENTYNA	3
JACLYN	3
JACYNTA	3
JADIWGA	3
JADWIGA JÓZEFA	3
JADWIGA WŁADYSŁAWA	3
JADZIA	3
JAGUELINE	3
JAI	3
JANELLE	3
JANIE	3
JANINA ANNA	3
JANINA KRYSTYNA	3
JANINA WANDA	3
JANNINA	3
JANUARA	3
JANULA	3
JARZĘBINA	3
JASEMIN	3
JASIM	3
JAVED	3
JAWIGA	3
JAY	3
JAZZ	3
JEANE	3
JEEVAN	3
JERMINA	3
JESSE	3
JESSY	3
JOALNTA	3
JOANETTE	3
JOAO	3
JOASIA	3
JOHANNA MARIA	3
JOLÁN	3
JOLANNA	3
JOLANTA ELŻBIETA	3
JOLANTA JADWIGA	3
JOLANTA TERESA	3
JOLINE	3
JOSÉE	3
JOVANA	3
JÓZEFA WANDA	3
JULETA	3
JULIKA	3
JULY	3
JUN	3
JUNO	3
KADEK	3
KAETHE	3
KAI	3
KAJLA	3
KALINDI	3
KALINKA	3
KALSOOM	3
KAMALA	3
KAMILLE	3
KAREEM	3
KARENINA	3
KARIM	3
KARISHMA	3
KARLOTTA	3
KATARZYNA TERESA	3
KATARZYNA ZOFIA	3
KATERINE	3
KATHERIN	3
KATHERYN	3
KATHRINA	3
KATINKA	3
KATRÍN	3
KATRIONA	3
KATZRYNA	3
KAYRA	3
KELLIE	3
KENNEDY	3
KHANH LINH	3
KILIANA	3
KIM LAN	3
KISAINA	3
KLARISA	3
KLIO	3
KONSTANCE	3
KONSTANDINA	3
KRASTEVA	3
KRISTEL	3
KRISTI	3
KRISTIANA	3
KRYSTAL	3
KRYSTYN	3
KRYSTYNA JANINA	3
KRYSTYNA MARTA	3
KRYSTYNA STANISŁAWA	3
KRYSTYNE	3
KUBACKA	3
KUMAR	3
KUNAL	3
KUNIGUNDA	3
KWAN	3
KYLA	3
LACHEZAROVA	3
LAIMA	3
LAKMALI	3
LAMARA	3
LAMPRINI	3
LANE	3
LASANA	3
LAURIE	3
LAVA	3
LAYNE	3
LEANN	3
LECHA	3
LECHIA	3
LEEA	3
LEELA	3
LEILANI	3
LÉNA	3
LENI	3
LÉONIE	3
LEONILA	3
LEONIŁA	3
LEOPOLDINA	3
LEV	3
LHAMU	3
LÍA	3
LIANE	3
LIANG	3
LIANNE	3
LIAT	3
LIBBY	3
LIDYA	3
LIEVE	3
LIHI	3
LILOU	3
LIM	3
LIMOR	3
LISBETA	3
LIUBOV	3
LIZA MARIA	3
LIZZIE	3
LOANA	3
LONDON	3
LONIA	3
LORELEY	3
LORENCJA	3
LORENTYNA	3
LORIS	3
LOTKA	3
LOUIZA	3
LU	3
LUCERO	3
LUCKY	3
LUCRECIA	3
LUDMILLA	3
LUDMIŁA MARIA	3
LUDOMIERA	3
LUDOSŁAWA KAZIMIERA	3
LUDOVICA	3
LUMI	3
LUSINE	3
LUZMILA	3
LYLY	3
LYNE	3
LYUBENOVA	3
LYUBOMIROVA	3
MAARIA	3
MADALINA	3
MADITA	3
MAGDALENA ANNA	3
MAGDALENA ZOFIA	3
MAGDELENA	3
MAGDLENA	3
MAGPAYO	3
MAHER	3
MAIKA	3
MAILINH	3
MAIRA	3
MAIRE	3
MAISA	3
MAJID	3
MALAJKA	3
MALI	3
MALIK	3
MALTA	3
MALWA	3
MAŁGORATA	3
MAŁGORZATA BARBARA	3
MAŁGORZATA ELŻBIETA	3
MAŁGORZATA ZOFIA	3
MAŁKA	3
MAŁOGORZATA	3
MANAL	3
MANETA	3
MANILA	3
MANISH	3
MANSOOR HASAN	3
MARCELINE	3
MARCJA	3
MARCYJANNA	3
MARET	3
MARGARETT	3
MARGITTA	3
MARGRÉT	3
MARGRETE	3
MARGUERITTE	3
MARIA ALICJA	3
MARIA ANASTAZJA	3
MARIA CHRISTINA	3
MARIA ELISABETH	3
MARIA JOHANNA	3
MARIA JULIA	3
MARIA LAURA	3
MARIA MARTA	3
MARIA PIA	3
MARIA ROMANA	3
MARIA TEODOZJA	3
MARIA WALENTYNA	3
MARIA WERONIKA	3
MARIA WIESŁAWA	3
MARIAMI	3
MARIANGELA	3
MARIE BARBARA	3
MARIE CATHERINE	3
MARIE FRANÇOISE	3
MARIE GABRIELLE	3
MARIE HELENE	3
MARIE JEANNE	3
MARIE SOPHIE	3
MARIE THÉRÈSE	3
MARIE-CHRISTINE	3
MARIE-THÉRÉSE	3
MARIE-THÉRÈSE	3
MARIEVA	3
MARIJKE	3
MARIN	3
MARINETTE	3
MARINNA	3
MARIOLETA	3
MARIONILA	3
MARISHA	3
MARJAANA	3
MARJOLA	3
MARJORY	3
MARKA	3
MARKETTA	3
MARLETTA	3
MARYANNA	3
MATHEA	3
MATHYLDA	3
MAURELA	3
MAVIS	3
MAZAL	3
MCKENZIE	3
MECHTYLDA	3
MEG	3
MELIHA	3
MELİSA	3
MÉLISSA	3
MERCY	3
MERLE	3
MERSEDES	3
MERYAM	3
MERYL	3
MESUA	3
METIN	3
METODIEVA	3
MICHAELLA	3
MICHALE	3
MICHIKO	3
MIECZYSLAWA	3
MIECZYSŁAW	3
MIGUELINA	3
MIKOŁAJKA	3
MILENKA	3
MILEVA	3
MIŁOWANA	3
MINE	3
MINERWA	3
MINH ANH	3
MIRABEL	3
MIRAY	3
MIRIANNA	3
MIRJANA	3
MIRNA	3
MIRZA	3
MISIA	3
MOHAMED SAAD	3
MOHTEZ	3
MONIKA MARIA	3
MONTANA	3
MORALES	3
MORIA	3
MOSTAFA	3
MOTUNRAYO	3
MOUNA	3
MOUSA	3
MOYA	3
MUSHKA	3
MUSTAFOVA	3
MUTHONI	3
MWENDE	3
MỸ	3
MYLTOFT	3
MYRIAN	3
NA	3
NAANA	3
NADEEM	3
NADEEN	3
NADIIA	3
NADZIEŻDA	3
NAHLA	3
NAJA	3
NALA	3
NAM	3
NARGIS	3
NARIA	3
NASIMA	3
NATALA	3
NATALIIA	3
NATALYA	3
NATHALY	3
NAUZYKA	3
NAZIF	3
NAZLI	3
NEELA	3
NEELTJE	3
NEHIR	3
NELY	3
NENSI	3
NEPOMUCYNA	3
NESE	3
NESMA	3
NESTA	3
NETA	3
NEVE	3
NEVENA	3
NEWENA	3
NGOC ANH	3
NICETA	3
NICHOLA	3
NICKOLA	3
NIHAD	3
NIMET	3
NIMFA	3
NING	3
NINH	3
NIRA	3
NOAM	3
NOCOLE	3
NOELEEN	3
NOEMIE	3
NONA	3
NOVA	3
NOY	3
NÓRA	3
NURA	3
NURAY	3
NWANNEKA	3
NYARKO	3
NYOMAN	3
OFKA	3
OLANDA	3
OLAWIA	3
OLGA MARIA	3
OLIANA	3
OLINA	3
OLINDA	3
OLIWA	3
OLUCHUKWU	3
ONYINYECHI	3
ORA	3
OSMAN	3
OTILIA	3
OZLEM	3
PADMA	3
PALLAVI	3
PAMELLA	3
PANAGIOTA	3
PANAYOTOVA	3
PAOLINA	3
PARASKEWIA	3
PARVATI	3
PARYCJA	3
PATRIA	3
PATRICIE	3
PATRICJA	3
PATYRYCJA	3
PAWLINA	3
PELA	3
PELAGIA KAZIMIERA	3
PÉLAGIE	3
PEMA	3
PHOENIX	3
PHUÖNG	3
PHƯỢNG	3
PIETRYNA	3
PIRITTA	3
PIROSKA	3
POLIANNA	3
POLIKSENA	3
PORANEK	3
PRÆSTEGAARD	3
PRAVINBHAI	3
PRYSCYLLA	3
PRYSKA	3
PRZYBYCHNA	3
PULINA	3
PURNIMA	3
QUIAMBAO	3
QUY	3
RABIH	3
RADA	3
RADEGUNDA	3
RAIM	3
RAJENDRABHAI	3
RAJKUMAR	3
RAJNHILDA	3
RAJU	3
RAMADAN	3
RAMANBHAI	3
RAMESH	3
RASHA	3
RAVI	3
RAVZA	3
RAYA	3
RAZ	3
REESE	3
RÉGINE	3
REINA	3
REINE	3
REKHA	3
REMEDIOS	3
REN	3
RENEA	3
RENI	3
RHEA	3
RHIAN	3
RHIANNON	3
RHODA	3
RIANA	3
RICHARDA	3
RIITTA	3
RIWA	3
RIYA	3
ROBERT	3
ROJDA	3
ROJZA	3
ROMANINA	3
ROMANOVNA	3
ROMEA	3
ROMKA	3
RONI	3
ROSALINE	3
ROSENOVA	3
ROSETTA	3
ROZALIE	3
ROZALINA	3
RÓŻA-MARIA	3
RÓŻENA	3
RUDO	3
RUKIA	3
RURUP	3
RUXANDRA	3
RUZANNA	3
RYCHEZA	3
RYE	3
SA	3
SABIHA	3
SABINA MARIA	3
SABRIA	3
SADHBH	3
SAEED MIRZA	3
SAGE	3
SAHARA	3
SAHIRA	3
SALEEM	3
SALIMOVA	3
SALSABIL	3
SAM	3
SAMANDA	3
SAMARTH	3
SAMUEL	3
SAN	3
SANAA	3
SANDRINA	3
SANELA	3
SANEM	3
SANG	3
SANJA	3
SANJAYKUMAR	3
SANNA	3
SANNE	3
SAPIR	3
SARAHI	3
SARINA	3
SARMIENTO	3
SARRA	3
SATHYA	3
SATURNA	3
SAULE	3
SAVA	3
SAVANNA	3
SAVINA	3
SAWRINA	3
SAYA	3
SAYURI	3
SCHARLOTA	3
SCHARLOTTE	3
SEHER	3
SEMRA	3
SEN	3
SEON	3
SEREN	3
SEVDOVA	3
SEVERINOVA	3
ŞEYMA	3
SHADE	3
SHAHAR	3
SHARIF	3
SHEA	3
SHELI	3
SHELLEY	3
SHERIN	3
SHILA	3
SHIREEN	3
SHIREL	3
SHOSHANNA	3
SHRIKANT	3
SIA	3
SIAN	3
SIGLINDE	3
SIGNE	3
SIL	3
SILJE	3
SILVA	3
SILVER	3
SIMCHA	3
SOFII	3
SOLONGO	3
SONA	3
SONATA	3
SPERANTA	3
STACY	3
STANISŁAWA TERESA	3
STARR	3
STEFANA	3
STEFANIA WANDA	3
STEFANIIA	3
STEFANOWA	3
STELINA	3
STEPHANI	3
STEWART	3
STORM	3
ŞULE	3
SULIKA	3
SUNIL	3
SUNNIVA	3
SURENDRA	3
SURESHBHAI	3
SUZANN	3
SUZETTE	3
SVILENOVA	3
SWAPNIL	3
SWETLANA	3
SYBILLE	3
SZAJEN	3
SZARON	3
SZAROTKA	3
SZCZEPANA	3
SZCZEPANIA	3
SZCZĘSNA MARIA	3
SZE	3
SZIRIN	3
ŚNIEŻANNA	3
TACHMINA	3
TADZIA	3
TAHMINA	3
TAISSA	3
TALA	3
TALAL	3
TALLULAH	3
TAN	3
TAREK	3
TAUBA	3
TEOFILIA	3
TERESA ANTONINA	3
TERESA HELENA	3
TERESA IRENA	3
TERESA JADWIGA	3
TERESA KRYSTYNA	3
TERESA MAŁGORZATA	3
TERESA MICHALINA	3
TERESA STANISŁAWA	3
TERESIA	3
TERESITA	3
THAIS	3
THAKORBHAI	3
THALIA	3
THANDIE	3
THANDIWE	3
THANH LAN	3
THO	3
THOM	3
THÚY	3
TIÊN	3
TIFFANIE	3
TINGTING	3
TOLENTINO	3
TRADYCJA	3
TRINH	3
TRINIDAD	3
TSAMPIKA	3
TSVETANOVA	3
TỨ	3
TUĞBA	3
TUĞÇE	3
TUNDE	3
TUULI	3
TYFANI	3
TZIPORA	3
UCHE	3
UCHENNA	3
ULINA	3
USAMA	3
UZOAMAKA	3
VALENCIA	3
VALERIIA	3
VALERY	3
VÂN	3
VASYLYNA	3
VELASCO	3
VENECIA	3
VENESA	3
VENEZIA	3
VENICE	3
VERITY	3
VÉRONICA	3
VICKI	3
VICTORINE	3
VIHAR	3
VIJAYBHAI	3
VIKTORIE	3
VIKTÓRIA	3
VIOLLETA	3
VIPULKUMAR	3
VIREN	3
VIRIDIANA	3
VISHWANATH	3
VIVEK	3
VIVIANNA	3
VIVIENE	3
VIYAN	3
WAEL	3
WALENTYNA MARIA	3
WALI	3
WALTRAUTA	3
WAN	3
WANDA BARBARA	3
WANDA IRENA	3
WANDA ZOFIA	3
WANGARI	3
WANNESA	3
WARWARA	3
WEI	3
WELIKA	3
WELINA	3
WENEFRYDA	3
WERENA	3
WERONKA	3
WESELINA	3
WIACZESŁAWA	3
WIENISŁAWA	3
WIESŁAWA MARIA	3
WILA	3
WILHELMINE	3
WILIA	3
WILSON	3
WINCZYSŁAWA	3
WINETA	3
WING	3
WINICJA	3
WINIFREDA	3
WIOLANTA	3
WIWIAN	3
WŁADYSŁAW	3
WRÓCISŁAWA	3
WYNNE	3
XI	3
XING	3
YAGMUR	3
YAMILA	3
YANET	3
YASHAR	3
YASHAROVA	3
YASIR YASEEN	3
YEE	3
YESENIA	3
YIN	3
YOANNA	3
YOCHEVED	3
YOGESH	3
YOUSEF	3
YSABEL	3
YULIANA	3
YURIEVNA	3
ZACHARIEWA	3
ZAHARA	3
ZAHRAA	3
ZAHRAH	3
ZAMIRA	3
ZDISŁAWA	3
ZDOBYSŁAWA	3
ZEINA	3
ZEINAB	3
ZEKI	3
ZELIHA	3
ZENISŁAWA	3
ZENOWEFA	3
ZETTA	3
ZEYNEB	3
ZHANG	3
ZI	3
ZINAJDA	3
ZŁATA	3
ZOFIA HELENA	3
ZOFIA JÓZEFA	3
ZOFIA KRYSTYNA	3
ZOFIA STANISŁAWA	3
ZOFIE	3
ZOIA	3
ZORIA	3
ZURI	3
ZYGRIDA	3
ZYLIA	3
ŻANIN	3
ŻEGOTA	3
ŻERMENA	3
AARUSHI	2
AARYA	2
AASTA	2
ABBEY	2
ABBIE	2
ABBIGAIL	2
ABDEL	2
ABDELFATTAH	2
ABDIASIS	2
ABDONA	2
ABDULHAKIM A	2
ABDULJABBAR	2
ABDULLAH H	2
ABDULLAH IBRAHIM	2
ABDULMUTTALIB A.	2
ABDULQADIR	2
ABDULRAHMAN	2
ABDUNNASER	2
ABDUR	2
ABDURRAOUF	2
ABEBE	2
ABHIJIT	2
ABIEYUWA	2
ABRIL	2
ADAKU	2
ADALMINA	2
ADALYN	2
ADAM	2
ADAMIŁA	2
ADAMIRA	2
ADANNAYA	2
ADEDAYO	2
ADEEB	2
ADEEL	2
ADEEN	2
ADELFA	2
ADELHEIDA	2
ADELINDA	2
ADELKA	2
ADELLE	2
ADETOUN	2
ADEWUNMI	2
ADEYINKA	2
ADHAM	2
ADIANNA	2
ADMIRA	2
ADNAN RADHI	2
ADRIELA	2
ADZO	2
AFAF	2
AFI	2
AFIZE	2
AFRODITA	2
AGAPI	2
AGATA DOROTA	2
AGELIKA	2
AGHA	2
AGNESSA	2
AGNETHA	2
AGNI	2
AGNIESZKA ZOFIA	2
AH	2
AHARONA	2
AHATA	2
AHMED H	2
AHMED KHAN HAJI	2
AHMED M	2
AHMED SAIEED	2
AÏCHA	2
AILA	2
AIN	2
AIRAT	2
AISA	2
AISHE	2
AISHLING	2
AISHWARYA	2
AISLINN	2
AISSA	2
AIYANA	2
AJA	2
AJIT	2
AJLA	2
AJLIN	2
AKASH	2
AKHTAR	2
AKI	2
AKILINA	2
AKOTH	2
AKRIVI	2
AKU	2
AKWILA	2
ALAIA	2
ALAKSANDRA	2
ALANI	2
ALANNA	2
ALBANA	2
ALBERT	2
ALBERTO	2
ALBINE	2
ALCIRA	2
ALDONKA	2
ALDONNA	2
ALECIA	2
ALEENA	2
ALEIDA	2
ALEKASNDRA	2
ALEKSADNRA	2
ALEKSADRA	2
ALEKSANDRA ANTONINA	2
ALEKSANDRA DANUTA	2
ALEKSANDRA JANINA	2
ALEKSANDRA KRYSTYNA	2
ALEKSANDRA TERESA	2
ALEKSANDRA WIESŁAWA	2
ALEKSANRDA	2
ALEMU	2
ALESSJA	2
ALEXANDRA MARIA	2
ALEXANDRE	2
ALEXEEVNA	2
ALFONSINA	2
ALFRED AZIZ MATTA	2
ALFRYDA	2
ALICE MARIA	2
ALICJA KRYSTYNA	2
ALICYA	2
ALIJA	2
ALIKA	2
ALIKI	2
ALIM	2
ALIMA	2
ALINA MARIA	2
ALINA STANISŁAWA	2
ALIS	2
ALIX MARIE	2
ALIZ	2
ALLAN	2
ALLEN	2
ALLIA	2
ALMAZ	2
ALON	2
ALOYSIA	2
ALTHEA	2
ALTUNER	2
ALUNA	2
ALYS	2
ALYSA	2
ALYSON	2
AMADA	2
AMAIA	2
AMALTEA	2
AMALYA	2
AMAN	2
AMARACHUKWU	2
AMARI	2
AMELE	2
AMELIJA	2
AMENAGHAWON	2
AMENZE	2
AMI	2
AMINAT	2
AMINIA	2
AMIRAH	2
AMIRE	2
AMRA	2
AMRIT	2
ANA MARIA	2
ANAHÍ	2
ANAI	2
ANAID	2
ANAIDA	2
ANALIZA	2
ANA-MARIA	2
ANAS	2
ANASTAZJIA	2
ANDONA	2
ANDRE	2
ANDRIANNA	2
ANDROMACHI	2
ANDZELA	2
ANDŹELIKA	2
ANE	2
ANEEQA	2
ANELITTA	2
ANEMARIA	2
ANGÉLICA	2
ANGELIE	2
ANGELIKI	2
ANGELITA	2
ANGELOTTI	2
ANGIELINA	2
ANGUSTIAS	2
ANHLINH	2
ANIANA	2
ANIELA JADWIGA	2
ANIESZKA	2
ANIKÓ	2
ANISJA	2
ANJELIKA	2
ANKOVA	2
ANNA BOGUMIŁA	2
ANNA ELEONORA	2
ANNA FRANCISZKA	2
ANNA HALINA	2
ANNA KATHARINA	2
ANNA KLARA	2
ANNA MARGARETE	2
ANNA NICOLE	2
ANNALISA	2
ANNA-LIZA	2
ANNAMÁRIA	2
ANNE BRIGITTE	2
ANNE EVE	2
ANNE MARGUERITE	2
ANNE-LAURE	2
ANNE-SOPHIE	2
ANNETT	2
ANNICA	2
ANNY	2
ANSELMA	2
ANTHONETTE	2
ANTIGONA	2
ANTONETA	2
ANTONINA AGNIESZKA	2
ANTONINA EWA	2
ANTONINA KATARZYNA	2
ANTONINA ZOFIA	2
ANTONINE	2
ANTYGONA	2
ANUJ	2
ANUJIN	2
ANUSIA	2
ANŻELA	2
AQUINO	2
ARAKSI	2
ARAKSJA	2
ARAMI	2
ARANTXA	2
ARAÚJO	2
ARCANGELA	2
ARCILLA	2
ARCYZA	2
ARDEN	2
ARELIS	2
ARENIKA	2
ARIANI	2
ARIFOVA	2
ARIJ	2
ARIKE	2
ARIS	2
ARISTEA	2
ARITA	2
ARKADIEVNA	2
ARLET	2
ARLINA	2
ARLINDA	2
ARMELLA	2
ARMINA	2
ARMINDA	2
ARNA	2
AROHA	2
ARTEMI	2
ARTEMIZJA	2
ARUNA	2
ARVENA	2
ARVIND	2
ASANET	2
ASCENSION	2
ÁSDÍS	2
ASEFA	2
ASEL	2
ASHELEY	2
ASHHAD	2
ASHLY	2
ASHOKKUMAR	2
ASHRAF	2
ASHTON	2
ASI	2
ASMIN	2
ASUMPTA	2
ATA	2
ATEF	2
ATIA	2
ATIKA	2
ATINUKE	2
ATIQAH BINTI	2
AUDE MARIE	2
AUDRA	2
AUDRINA	2
AUGUSTINE	2
AURÉLIA	2
AURELLA	2
AUTUMN	2
AUZEBIA	2
AVELINA	2
AVIA	2
AVIS	2
AWAD	2
AWLACHEW	2
AWUOR	2
AXANA	2
AXEL	2
AXELA	2
AYAT	2
AYCAN	2
AYDAN	2
AYELÉN	2
AYHAN	2
AYLEEN	2
AYMAN	2
AYO	2
AYSEN	2
AYSU	2
AYU PUTU	2
AYUMI	2
AZUCENA	2
AZURA	2
AZZURRA	2
BABETA	2
BABUBHAI	2
BAIBA	2
BAILEY	2
BAJLA	2
BALA	2
BALDEVBHAI	2
BAONGOC	2
BAR	2
BARAKAT	2
BARBAR	2
BÁRBARA	2
BARBARA ALEKSANDRA	2
BARBARA ANNA	2
BARBARA CAMILLE	2
BARBARA DANUTA	2
BARBARA HALINA	2
BARBARA HELENA	2
BARBARA JADWIGA	2
BARBARA JANINA	2
BARBARA JÓZEFA	2
BARBARA JULIA	2
BARBARA KAZIMIERA	2
BARBARA PELAGIA	2
BARBARA STEFANIA	2
BARBARA WANDA	2
BARBARRA	2
BARBEL	2
BARBER	2
BARNARDA	2
BASEM	2
BASHA	2
BASMA	2
BASS	2
BASSAM	2
BASTIENNE	2
BATSHEVA	2
BAY	2
BEAN	2
BEÁTA	2
BEATA HELENA	2
BEATRICA	2
BEATRICZA	2
BEATRIKS	2
BEDRIYE	2
BELAY	2
BELEID	2
BELKIS	2
BELLINDA	2
BENEDICT	2
BÉNÉDICTE	2
BENEDIKTA	2
BENGİ	2
BENTON	2
BERİL	2
BERNADETA BARBARA	2
BERNADETE	2
BERNADIA	2
BERNADOTA	2
BERNARDITA	2
BERNARDO	2
BERNDETA	2
BERNHILDE	2
BESS	2
BESSIE	2
BETELHEM	2
BETHAN	2
BETSABE	2
BEWAR	2
BHAVIN	2
BHIKHABHAI	2
BICH THUY	2
BIJU	2
BIN	2
BINNUR	2
BINTE	2
BINTOU	2
BISGAARD	2
BLAGOEVA	2
BLAISE	2
BLANDA	2
BLANDINA	2
BLANDINE	2
BLONDYNA	2
BO	2
BOGINA	2
BOGUMIŁA MARIA	2
BOJANA	2
BØJE	2
BOK	2
BOLESLAWA	2
BOLUWATIFE	2
BONISŁAWA	2
BORYSŁAWA KAZIMIERA	2
BOZENKA	2
BOZENNA	2
BOZENTYNA	2
BOZHIDAROVA	2
BOŹENA	2
BOŻENA TERESA	2
BOŻENNA JANINA	2
BOŻENNA KAZIMIERA	2
BOŻENNA MAŁGORZATA	2
BOŻYDAR	2
BRABARA	2
BRANISLAVA	2
BRATTENG	2
BRATYSŁAWA	2
BRIANA	2
BRIANNA	2
BRIDGETTE	2
BRIDGID	2
BRINGFRIEDA	2
BRINK	2
BRITA	2
BRODIE	2
BRONHILDA	2
BRONIŁAWA	2
BROOKS	2
BROWN	2
BRUNELLA	2
BRUNHILD	2
BRYNN	2
BURÇAK	2
BÜSRA	2
BUTTAN	2
CAITLYN	2
CALLISTA	2
CẨM	2
CAMILIA	2
CAMILLE MARIE	2
CAMPOS	2
CANDACE	2
CARIAGA	2
CARLEEN	2
CARLINA	2
CARLINE	2
CARLOS	2
CARMELIA	2
CARMELITA	2
CARMINA	2
CARMIT	2
CAROLLE	2
CARROLL	2
CASSIA	2
CASSIOPEIA	2
CATALEJA	2
CATERINE	2
CATHRYN	2
CÄZILIE	2
CECELIA	2
CECEYLIA	2
CÉCILIA	2
CECILLIA	2
CECYLIA MARIA	2
CECYLIE	2
CELENA	2
CELESTA	2
CÉLESTINE	2
CERONIKA	2
CESIRA	2
CEZARINA	2
CHADIA	2
CHADLIA	2
CHAHINEZ	2
CHAM	2
CHAN	2
CHANDANKUMAR	2
CHANDNI	2
CHANDRA	2
CHANTALE	2
CHANTALL	2
CHARLENE	2
CHARLÈNE	2
CHARLOT	2
CHARLOTT	2
CHARLOTTE SOPHIE	2
CHÂU	2
CHAWA	2
CHELSY	2
CHEMUTAI	2
CHENAI	2
CHERRY	2
CHERUTO	2
CHETAN	2
CHIEMELA	2
CHIMDI	2
CHINAELO	2
CHINH	2
CHIQUINQUIRA	2
CHISIMDI	2
CHIYERE	2
CHIZARA	2
CHIZITEREM	2
CHODOR	2
CHRETIEN	2
CHRISTENE	2
CHRISTIANNE	2
CHRISTINA MARIA	2
CHRISTINNE	2
CHRISULA	2
CHUN	2
CHUNG	2
CICEK	2
CIESZYNA	2
CILA	2
CINTA	2
CINTHIA	2
CINTIA	2
CINZIA	2
CITA	2
CITLALI	2
CLARA HELENA	2
CLEMENCIA	2
CLEMENTINA	2
COLET	2
COLOMBE	2
CONCEIÇÃO	2
CONNABLE	2
CONSOLEE	2
CONSTANCJA	2
CONSUELLA	2
CORALINE	2
CORIN	2
CORNELIA MARIA	2
COSMINA	2
CRICHTON	2
CRISTIN	2
CYRYLIA	2
CYWIA	2
CZAICKI	2
CZARNA	2
CZCIBORA	2
CZECH	2
CZESŁAWA MARIA	2
DABA	2
DADA	2
DAFNA	2
DAGENBACH	2
DAHYABHAI	2
DAISA	2
DALENA	2
DALILLA	2
DALIT	2
DAMERIA	2
DAMINI	2
DAMINIKA	2
DANIÈLE	2
DANIËLLA	2
DANIKA	2
DANUTA BARBARA	2
DANUTA ELŻBIETA	2
DANUTA JADWIGA	2
DANUTA KATARZYNA	2
DAPHNÉ	2
D'ARC	2
DARINKA	2
DARKA	2
DARLING	2
DARMA	2
DARMIŁA	2
DARTI	2
DARY	2
DAS	2
DATTA	2
DAVIDOVNA	2
DE ALMEIDA	2
DE CASTRO	2
DE LA PAZ	2
DE LOS MILAGROS	2
DEA	2
DEANNA	2
DÉBORAH	2
DEIRDRE	2
DEL ROCIO	2
DELA	2
DELALI	2
DELANA	2
DELANEY	2
DELGADO	2
DELL	2
DEMEKE	2
DEMILADE	2
DENICE	2
DENYSE	2
DEODATA	2
DEREJE	2
DERSŁAWA	2
DESANKA	2
DESDEMONA	2
DESIRE	2
DESPOINA	2
DESTINA	2
DEVINA	2
DEVORAH	2
DEWI	2
DEYANOVA	2
DEYLA	2
DHANASUNTHORN	2
DHARMA	2
DHIRAJKUMAR	2
DIAMANDA	2
DIAZ	2
DIETLIND	2
DILBER	2
DILETTA	2
DILRUBA	2
DILRUKSHI	2
DILSHODA	2
DIMCHEVA	2
DIMITRICHKOVA	2
DINH	2
DINKOVA	2
DIONE	2
DIOR	2
DISA	2
DIVIA	2
DJENEBA	2
DOBOSZ	2
DOBRACHNA	2
DOBROHNA	2
DOBROSUŁKA	2
DOMANSKA	2
DOMINICELA	2
DOMINIQE	2
DOMISŁAWA	2
DONALD	2
DONATINA	2
DONCHEVA	2
ÐÔNG	2
DORORA	2
DOROTA ELŻBIETA	2
DOROTA GRAŻYNA	2
DORTA	2
DOUA	2
DRAGOMIRA	2
DREW	2
DUFIE	2
DULCISSIMA	2
DULCYNEA	2
DƯƠNG	2
DUYEN	2
DUYÊN	2
DYANA	2
DYBDAHL	2
DYMPNA	2
DZAMILA	2
DZIFA	2
DZIONISŁAWA	2
DZIUNISŁAWA	2
DŻANETA	2
DŻESSIKA	2
DŻINA	2
DŻULETTA	2
DŻULIA	2
EADDY	2
EBELE	2
EBERECHUKWU	2
EBRAR	2
EBUBECHUKWU	2
EDGARDA	2
EDINA	2
EDWARD	2
EDYT	2
EDZIA	2
EFE	2
EFFIE	2
EFRAT	2
EFROSINI	2
EGINA	2
EHI	2
EHRENTRAUD	2
EIDER	2
EIKO	2
EILIDH	2
EILLEEN	2
EJIRO	2
EJIROGHENE	2
EKI	2
EKIN	2
EL ZAHRAA	2
ELAINA	2
ELANE	2
ELANOR	2
ELANUR	2
ELÇIN	2
ELDONA	2
ELEA	2
ELENCZA	2
ELENE	2
ELENII	2
ELEONARDA	2
ELEONORA MARIA	2
ÉLÉONORE	2
ELEONOROVA	2
ELGA	2
ELIAN	2
ELIASZA	2
ELIEVA	2
ELIGIUSZA	2
ELIJA	2
ELÍN	2
ÉLISA	2
ÉLISABETH	2
ELISABETH LOUISE	2
ELISABETH MARIE	2
ELIŠKA	2
ELITA	2
ELIZABETE	2
ELIZABETH ANN	2
ELIZABETH MARGARET	2
ELIZAWETA	2
ELIZBETH	2
ELIZBIETA	2
ELLEN MONIKA	2
ELLIOT	2
ELLYN	2
ELODIA	2
ÉLODIE	2
ELOISA	2
ELONIA	2
ELORA	2
ELOY	2
ELVAN	2
ELVIRE	2
ELŻBIETA DANUTA	2
ELŻBIETA HALINA	2
ELŻBIETA JULIA	2
ELŻBIETA MAŁGORZATA	2
ELŻBIETA REGINA	2
ELŻBIETA STANISŁAWA	2
ELŻBIETA URSZULA	2
ELŻBIETA WANDA	2
ELŻBIETA ZOFIA	2
ELŻNIETA	2
EMAD	2
EMAM	2
EMELIA	2
EMELINE	2
EMERYKA	2
EMIE	2
EMILCE	2
EMÍLIA	2
EMILIA ANNA	2
EMILIA KRYSTYNA	2
EMILIA ZOFIA	2
EMILIEVA	2
EMILIJA	2
EMILIYANOVA	2
EMILKA	2
EMILLIA	2
EMIŁOWA	2
EMİNE	2
EMMALINE	2
EMMANUEL	2
ENCARNACION	2
ENEIDA	2
ENGELINA	2
ENIA	2
ENRIQUETA	2
ENYIDIYA	2
ENZA	2
EPIFANIA	2
ERICKA	2
ERIIKKA	2
ERINA	2
ERLINA	2
EROL	2
ERYKAH	2
ERZHAN	2
ESAM	2
ESCADA	2
ESEN	2
ESEOGHENE	2
ESPERANÇA	2
ESPERANSA	2
ESPERANTA	2
ESSAM	2
ESSI	2
ESTELITA	2
ESTELL	2
ETELKA	2
ETEMENZI	2
ETERI	2
ETI	2
ETIENNETTE	2
ETTY	2
EUALIA	2
EUFRAZYNA	2
EUFRYZYNA	2
EUGÉNIA	2
EUGENIA MARIA	2
EULALLIA	2
EULANIA	2
EUNICA	2
EURIDICE	2
EUSTAZJA	2
EUSTELA	2
EVA IRENE	2
EVA MARIA	2
EVA STIK	2
EVELYNA	2
EVERDINA	2
EVI	2
EVONA	2
EVONNE	2
EWA BARBARA	2
EWA ELŻBIETA	2
EWA JADWIGA	2
EWA KRYSTYNA	2
EWA MARTA	2
EWA ZOFIA	2
EWARDA	2
EWELIN	2
EWIN	2
EWINA	2
EYJA	2
EYLEM	2
EYLUL	2
EZACHIELA	2
FABIANNA	2
FABRICIA	2
FABRYCJA	2
FADEKEMI	2
FADILA	2
FADY	2
FAGR	2
FAIGA	2
FAIZA	2
FAKHRI AHMED	2
FALKA	2
FALLON	2
FANTAZJA	2
FANY	2
FARA	2
FARAH	2
FARAI	2
FAREDIN	2
FAREED	2
FARES	2
FARMAN	2
FARZANA	2
FATEMA	2
FATIM	2
FATIMATA	2
FATIME	2
FATUMATA	2
FATYMA	2
FAWZI	2
FAWZY	2
FAYEK	2
FEBE	2
FEJGA	2
FELA	2
FELOMENA	2
FENNA	2
FERMINA	2
FFION	2
FIAMA	2
FIDEA	2
FIDELIA	2
FIDELINE	2
FILA	2
FILONA	2
FINLAY	2
FIRDAUS	2
FIROZA	2
FİRUZE	2
FIZA	2
FLATTUN	2
FLAWIANA	2
FLORES	2
FLÓRA	2
FOLASHADE	2
FOLINE	2
FOUAD	2
FRADLA	2
FRANCHESCA	2
FRANCHESKA	2
FRANCISZEK	2
FRANÇOISE MARIE	2
FRANISZKA	2
FRÉDÉRIQUE	2
FREDYTA	2
FREY	2
FRIIS	2
FUNKE	2
FUSSING	2
GABOT	2
GABRELA	2
GABRIELA MARIA	2
GABRIËLLA	2
GABRYLA	2
GAI	2
GAJANE	2
GALATEA	2
GALENA	2
GALYNA	2
GANESH	2
GANGA	2
GARDENIA	2
GASHAW	2
GAURANG	2
GAYANE	2
GEARTSJE	2
GEBREMICHAEL	2
GEE	2
GEERTRUIDA	2
GENA	2
GENET	2
GENEVA	2
GENI	2
GENOEFA	2
GEORGE	2
GEORGI	2
GEORGIJA	2
GEORGINE	2
GERALDINA	2
GERARDE	2
GERGANA	2
GERHARDA	2
GERHILDA	2
GERTRAUDA	2
GERTRUDIS	2
GERTUDA	2
GHADA	2
GHAZAL	2
GHAZALA	2
GIALINH	2
GIERARDA	2
GIETRUDA	2
GILBERTA	2
GILDEGARD	2
GINEWRA	2
GIOCONDA	2
GIRI	2
GIRISH	2
GIRMAY	2
GIRSHA	2
GISÈLE	2
GISELLA	2
GISSEL	2
GIUSI	2
GLENKORA	2
GLORY	2
GNIEWKA	2
GNIEWOMIRA	2
GODYSŁAWA	2
GODZIMIRA	2
GOHARIK	2
GOIA	2
GOJA	2
GÖKÇEN	2
GOŁDA	2
GONDAL	2
GÖNÜL	2
GORDANA	2
GORDIANA	2
GORETI	2
GOŚCIMIŁA	2
GRACIOUS	2
GRAFINIA	2
GRÁINNE	2
GRANT	2
GRASIELA	2
GRATIA	2
GRAYCE	2
GRAŻYNA ELŻBIETA	2
GRAŻYNA HALINA	2
GRAŻYNA TERESA	2
GRAŻYNKA	2
GRENADA	2
GRENATA	2
GRETEL	2
GRISEL	2
GRUNNET	2
GRZEGORZA	2
GRZEGORZYNA	2
GUANZON	2
GUDRUNA	2
GUEORGUIEVA	2
GUILLERMINA	2
GULBEN	2
GÜLCAN	2
GULIA	2
GÜLLÜ	2
GULNARA	2
GULSEN	2
GÜLSÜM	2
GÜLTEN	2
GUNDEL	2
GUNHILD	2
GUNVANT	2
GUSŁAWA	2
GUTA	2
GWIAZDA	2
GWYNNE	2
GYÖRGYI	2
GYSELLE	2
GYUNAL	2
HABAN	2
HABIB	2
HABIBE	2
HABTAMU	2
HADGU	2
HADI	2
HAE	2
HAF	2
HAFSA	2
HAI ANH	2
HAI YEN	2
HAILU	2
HAITAM FATHI	2
HAJAR	2
HAJNALKA	2
HAJRA	2
HALINA ANNA	2
HALINA DANUTA	2
HALINA IRENA	2
HALINA WANDA	2
HALKA	2
HALYNA	2
HAMAD	2
HAMDY	2
HAMEED	2
HÂN	2
HANAH	2
HANAKO	2
HANAN	2
HẠNH	2
HANI	2
HANICENTA	2
HANIFE	2
HANNA DANUTA	2
HANNA GRAŻYNA	2
HANSI	2
HANYA	2
HÀO	2
HARDT	2
HARESHBHAI	2
HARIKA	2
HARISH	2
HARSHADKUMAR	2
HARSHIT	2
HARUKO	2
HASENA	2
HASHAN	2
HASIBE	2
HASSAN M	2
HATEM	2
HATIM	2
HAVANA	2
HAVEN	2
HAVIN	2
HAWABSH	2
HAWANA	2
HAY	2
HAYAT	2
HAYDÉE	2
HAYDEN	2
HECHAM	2
HEDWIGA	2
HEINTZ	2
HELAN	2
HELENA ANNA	2
HELENA HALINA	2
HELENA JADWIGA	2
HELENA JANINA	2
HELENA STANISŁAWA	2
HELENA VICTORIA	2
HELENA WŁADYSŁAWA	2
HELENE MARIE	2
HELLE	2
HELLENA	2
HELMI	2
HELMY	2
HELOISE	2
HELOIZA	2
HENA	2
HENDRIKA MARIA	2
HENDRIKJE	2
HENRYK	2
HENRYKA MARIA	2
HENYA	2
HENYKA	2
HEPHZIBAH	2
HERMA	2
HERMINEGILDA	2
HERMIONE	2
HESHAM MOHAMED GALAL	2
HIDEGARDA	2
HIJACENTA	2
HIKARI	2
HİLAL	2
HILARYNA	2
HILDYGARDA	2
HILEN	2
HILTRAUD	2
HILTRUD	2
HILTRUDA	2
HIMENA	2
HIROKO	2
HITANA	2
HITENDRAKUMAR	2
HOANGLAN	2
HODAYA	2
HØJGAARD	2
HOLLIE	2
HOLY	2
HỐNG	2
HONG LOAN	2
HORTENCJA	2
HOSSAMELDIN	2
HOURIA	2
HRYZANTA	2
HUANITA	2
HUBERTINA	2
HUBERTYNA	2
HULYA	2
HÜMEYRA	2
HUÖNG	2
HUONGGIANG	2
HUYENNHI	2
HYLDA	2
HYUNG	2
HYUSEINOVA	2
IA	2
IBRAHIM M	2
IBRYAMOVA	2
IBUKUNOLUWA	2
IDIL	2
IDJA	2
IFESINACHI	2
IFTIKHAR	2
IGORIEVNA	2
IIDA	2
IJOLA	2
İKRA	2
IL	2
ILANIT	2
ILDIKÓ	2
ILHAM	2
ILIADA	2
ILIDIA	2
ILIJANA	2
ILINKA	2
ILJANA	2
ILKA	2
ILKE	2
ILLIA	2
ILLUMINATA	2
ILONIA	2
IM	2
IMAAN	2
IMACULATA	2
IMENE	2
IMMAKULATA	2
IMTNAN	2
INBAL	2
INBAR	2
INDURKHYA	2
INE	2
INETTA	2
INEZJA	2
INGARD	2
INGER	2
INGRIED	2
INOCENTYNA	2
INTISAR	2
IO	2
IOWITA	2
IP	2
IRENA ALEKSANDRA	2
IRENA ANNA	2
IRENA BARBARA	2
IRENA EWA	2
IRENA TERESA	2
IRENATA	2
IRENEUSZA	2
IRENIA	2
IREOLUWA	2
IRFAN	2
IRIDE	2
IRISA	2
IRIT	2
IRJA	2
IRMAGARDA	2
IRMAK	2
IRMELA	2
IRMENA	2
IRMIRA	2
IRMTRAUTA	2
IRSA	2
IRUMINA	2
IRVINA	2
IRYKA	2
IRYSA	2
IRYTA	2
ISABELLE MARIE	2
ISELIN	2
ISHANI	2
ISIOMA	2
ISLAM	2
ISMINI	2
ISOLDA	2
ISRAELA	2
ISZTAR	2
IVANOVNA	2
IVELISSE	2
IVIE	2
IVONE	2
IWELINA	2
IWETT	2
IWIETA	2
IWONA ANNA	2
IWONA STANISŁAWA	2
IWONKA MARIA	2
IYABODE	2
IZABELA KATARZYNA	2
IZEL	2
JA	2
JAANA	2
JACEK	2
JACINDA	2
JACINTA	2
JACK	2
JACKA	2
JACKLYN	2
JACLIN	2
JACŁAWA	2
JACOBIEN	2
JADESOLA	2
JADWIGA DANUTA	2
JADWIGA ELŻBIETA	2
JADWIGA FRANCISZKA	2
JADWIGA IRENA	2
JADWIGA STANISŁAWA	2
JADWIGA URSZULA	2
JADWIGA WIKTORIA	2
JADWIGIA	2
JADYN	2
JAËL	2
JAFFA	2
JAGDISH	2
JAGDISHBHAI	2
JAGÓDKA	2
JAGUELINA	2
JAGWIGA	2
JAHAN	2
JAIDE	2
JAIME	2
JAIN	2
JALAL	2
JALILA	2
JAMAL	2
JAMELIA	2
JAMINA	2
JAMUNA	2
JANAE	2
JANAT	2
JANETT	2
JANINA ALEKSANDRA	2
JANINA ANTONINA	2
JANINA BEATA	2
JANINA DANUTA	2
JANINA HALINA	2
JANINA JADWIGA	2
JANINA STANISŁAWA	2
JANINA WŁADYSŁAWA	2
JANNAT	2
JANNET	2
JANTINA	2
JANUARIA	2
JANUTA	2
JANY	2
JAQUELIN	2
JAREMA	2
JAROSŁAW	2
JARWIKKA	2
JASICA	2
JASMEEN	2
JAVAID	2
JAVELLANA	2
JAWAD	2
JAWNUTA	2
JAYANT	2
JAYAWARDENA	2
JAYESHKUMAR	2
JEANETT	2
JEANNE MARIE	2
JEANNIE	2
JENI	2
JENNI	2
JENSEN	2
JENTA	2
JERUSHA	2
JERZA	2
JESSLIN	2
JEZABEL	2
JIA	2
JIAYI	2
JIAYING	2
JIL	2
JOANETTA	2
JOANITA	2
JOANNA KATARZYNA	2
JOANNA KRYSTYNA	2
JOANNA TERESA	2
JOANNA WANDA	2
JOCELYNE	2
JOCHANNA	2
JOCHEWED	2
JODIE	2
JOEL	2
JOELA	2
JOGODA	2
JOHANSEN	2
JOIE	2
JOLANA	2
JOLANTA ANTONINA	2
JOLANTA BARBARA	2
JOLANTA EWA	2
JOLANTA GABRIELA	2
JOLANTA IWONA	2
JOLANTA JOANNA	2
JOLANTA WANDA	2
JOLIANNA	2
JOLIEN	2
JOLITTA	2
JONES	2
JONETA	2
JONNA	2
JOO	2
JORGELINA	2
JOSEFIINA	2
JOSELINE	2
JOSÉPHA	2
JOSETTA	2
JOSIE	2
JOYA	2
JOYCELYN	2
JOZIA	2
JÓHANNA	2
JÓZEFA ANNA	2
JÓZEFA STANISŁAWA	2
JÓZSEFNÉ	2
JUBILEE	2
JUDE	2
JUDI	2
JULIA ALICE	2
JULIA KAROLINA	2
JULIENNE	2
JULIETT	2
JULIJA	2
JUMA	2
JURGITA	2
JURJEVNA	2
JURJEWICZ	2
JUSTUNA	2
JYOTI	2
JYOTIN	2
KACZMAREK	2
KADELSKA	2
KADER	2
KAFUI	2
KAGENDO	2
KAHINA	2
KAILA	2
KALLINA	2
KAMLESHBHAI	2
KAMLESHKUMAR	2
KANIZJA	2
KANTILAL	2
KANUBHAI	2
KAPEL	2
KARAMFILOVA	2
KARAR	2
KARDELEN	2
KARELIA	2
KARIS	2
KARMELINA	2
KAROLINA MARIA	2
KAROLINKA	2
KARYN	2
KASEY	2
KASHA	2
KASPRA	2
KASSYLDA	2
KASUMI	2
KATA	2
KATALEIA	2
KATARYZNA	2
KATARZYMA	2
KATARZYNA ANNA	2
KATARZYNA JÓZEFA	2
KATARZYNA MAGDALENA	2
KATARZYNA MARTA	2
KÄTE	2
KA̋TE	2
KATELYN	2
KATHREEN	2
KATIANA	2
KATLA	2
KATLEJA	2
KATLYN	2
KATRYNA	2
KATYA	2
KAUSHIK	2
KAYLEIGH	2
KAZIA	2
KAZIMIERA BRONISŁAWA	2
KAZIMIERA DOBROCHNA	2
KAZIMIERA HELENA	2
KAZIMIERA STANISŁAWA	2
KAZIMIERA WANDA	2
KAZIMIERA ZDZISŁAWA	2
KAZIMIERA ZOFIA	2
KAZMIERA	2
KAŹMIERA	2
KECJA	2
KEILA	2
KEISHA	2
KELI	2
KELTOUM	2
KEMUNTO	2
KENAN	2
KENDALL	2
KENDRA	2
KENNA	2
KENYA	2
KERALA	2
KERIMA	2
KESIA	2
KETANKUMAR	2
KEYSI	2
KEZIA	2
KEZIAH	2
KHADEEJA	2
KHADIGA	2
KHADIJEH	2
KHADRA	2
KHADY	2
KHALID I	2
KHALIDA	2
KHAMIS DAHAM	2
KHANUM	2
KHUSHI	2
KI	2
KIAH	2
KIANA	2
KIELT	2
KIERA	2
KIM PHUNG	2
KIMA	2
KINANA	2
KINIA	2
KINZA	2
KIREN	2
KIRIAKULA	2
KIRITBHAI	2
KIRSTY	2
KIRTANRAM	2
KISENDAL	2
KISHAN	2
KISHOR	2
KITI	2
KITTI	2
KITTY	2
KIZI	2
KJELDAL	2
KLAUDIA ANNA	2
KLEMENCJA	2
KLEOTYLDA	2
KLINKOSZ	2
KOATI	2
KOCHANOWICZ	2
KOFOWOROLA	2
KOMANG	2
KOMIYAMA	2
KONSTANZIA	2
KORALINA	2
KORDELA	2
KORI	2
KORNELLA	2
KOSANA	2
KOSEVA	2
KOSISOCHUKWU	2
KOSTADINOVA	2
KOSTANCJA	2
KOZETA	2
KRIMHILDA	2
KRISTELL	2
KROGH	2
KRYSTNA	2
KRYSTYNA ALEKSANDRA	2
KRYSTYNA BARBARA	2
KRYSTYNA DANUTA	2
KRYSTYNA ELŻBIETA	2
KRYSTYNA HALINA	2
KRYSTYNA IRENA	2
KRYSTYNA JADWIGA	2
KRYSTYNA KAZIMIERA	2
KRYSTYNA WANDA	2
KRYSYNA	2
KRZYSZTOFIA	2
KRZYSZTOFINA	2
KSANTIA	2
KSEMENA	2
KSENIIA	2
KSENIYA	2
KSEWERYNA	2
KTYSTYNA	2
KUKLINSKA	2
KUMRU	2
KUNIGUNDE	2
KWIETOSŁAWA	2
KWIRENA	2
KYA	2
KYLEE	2
KYRA	2
KYRIA	2
LĂCRĂMIOARA	2
LAIA	2
LAKHANA	2
LALKA	2
LALLA	2
LAMIITA	2
LANDSPERG	2
LARASATI	2
LATHA	2
LATIF	2
LATIFAH	2
LATINA	2
LAUREEN	2
LAURETTE	2
LAURIEN	2
LAURINA	2
LAURINDA	2
LAWRENCE	2
LAYA	2
LAZAROVA	2
LEA DIANA	2
LEAL	2
LEANA	2
LEELEE	2
LEEN	2
LELIA	2
LEMONIA	2
LEN	2
LENARDA	2
LENNA	2
LENNOX	2
LENORE	2
LEOKADJA	2
LEONILLA	2
LEONIŁŁA	2
LEONINA	2
LEONKA	2
LEONTINE	2
LEOPOLDIA	2
LERATO	2
LETH	2
LETICJA	2
LETISJA	2
LEVANA	2
LEXI	2
LEXIA	2
LEYLIA	2
LHAMO	2
LIAQAT	2
LIAQUAT	2
LIBIA	2
LIDIA ELŻBIETA	2
LIDIA KRYSTYNA	2
LIDIJA	2
LIDJA	2
LIDZIA	2
LIEPA	2
LIESBETA	2
LIESE	2
LIESELOTTA	2
LIKA	2
LILANA	2
LILÉN	2
LILENA	2
LILIEN	2
LILIIA	2
LILIJANA	2
LILLIE	2
LILLYANNA	2
LILYA	2
LINDAL	2
LINETA	2
LIOR	2
LIORA	2
LIRON	2
LISA-MARIE	2
LITKA	2
LITOSŁAWA	2
LIU	2
LIUBOW	2
LIUDMYLA	2
LIVINGSTON	2
LIZELOTTE	2
LIZETA	2
LJILJANA	2
LO	2
LOBO	2
LOIDA	2
LOIZA	2
LOMBE	2
LONDYNA	2
LONISŁAWA	2
LOPEZ	2
LORELAY	2
LORENE	2
LORETO	2
LORI	2
LORIE	2
LORINE	2
LOUIE	2
LOUIS	2
LOUISE FRANÇOISE	2
LOUISETTE	2
LOYETTE	2
LUBINKA	2
LUBOMIERA	2
LUBOMIŁA KAZIMIERA	2
LUCA	2
LUCETTE	2
LUCRETIA	2
LUCREZIA	2
LUCUNA	2
LUCYNA MARIA	2
LUDGERA	2
LUDWIKA WANDA	2
LUELLA	2
LUENA	2
LUH	2
LUIGINA	2
LUIZ	2
LUÍZA	2
LUMINITA	2
LUMINIŢA	2
LUND	2
LUNDE	2
LUYEN	2
LÝ	2
LYKKE	2
LYLIANE	2
LYNDA	2
LYRIC	2
ŁADA	2
ŁAJMUTIE	2
ŁESIA	2
ŁUCIA	2
ŁUCJA MARIA	2
ŁUCJA STANISŁAWA	2
ŁUCYNA	2
MA	2
MAAN	2
MACY	2
MĂDĂLINA	2
MADALYN	2
MADDISON	2
MADELEINE LOUISE	2
MADELYN	2
MADHUKAR	2
MADIA	2
MADYNA	2
MADZIA	2
MAËLLE	2
MAGA	2
MAGALY	2
MAGDALENA AGNIESZKA	2
MAGDALENA JANINA	2
MAGDALENA JÓZEFA	2
MAGDALENA TERESA	2
MAGDALENA WŁADYSŁAWA	2
MAGDALENAA	2
MAGDALENIA	2
MAGDALENOVA	2
MAGDALLENA	2
MAGDY	2
MAGNA	2
MAGOMEDOVNA	2
MAGRIT	2
MAHAD	2
MAHDI	2
MAHESH	2
MAIALEN	2
MAIANH	2
MAILEN	2
MAINA	2
MAITA	2
MAJELLA	2
MAJRA	2
MAKSYLIA	2
MALALUAN	2
MALEA	2
MALENE	2
MALIHA	2
MALINKA	2
MALOU	2
MALU	2
MALVINE	2
MALWINKA	2
MAŁGORZATA ANNA	2
MAŁGORZATA IZABELA	2
MAŁGORZATA JÓZEFA	2
MAŁGORZATA JULIA	2
MAŁGORZATA RÓŻA	2
MAŁGORZATA TERESA	2
MAŁGORZATA WANDA	2
MAŁGOZRATA	2
MAŁORZATA	2
MANANA	2
MANEL	2
MANEVA	2
MANJA	2
MANNAT	2
MANSOOR	2
MANSOUR A	2
MANUEL	2
MARCELIANNA	2
MARCENE	2
MARCYLIA	2
MARCZELA	2
MAREA	2
MAREK	2
MARELLA	2
MARGERETA	2
MARGERETHE	2
MARGERITTA	2
MARGOTTA	2
MARGRITH	2
MARHARYTA	2
MÀRIA	2
MARIA ADELA	2
MARIA ADELAJDA	2
MARIA ALINA	2
MARIA BENEDYKTA	2
MARIA BOŻENNA	2
MARIA CARMEN	2
MARIA CECYLIA	2
MARIA CELINA	2
MARIA CHRISTINE	2
MARIA CRISTINA	2
MARIA DOROTA	2
MARIA ELEONORA	2
MARIA ELISABETTA	2
MARIA EVA	2
MARIA GENOWEFA	2
MARIA HENRYKA	2
MARIA IGNACJA	2
MARIA IRENE	2
MARIA JOSEFA	2
MARIA JULIANNA	2
MARIA JUSTINA	2
MARIA JUSTYNA	2
MARIA KONSTANCJA	2
MARIA LEOKADIA	2
MARIA LIDIA	2
MARIA LILIANA	2
MARIA LUCYNA	2
MARIA LUDMIŁA	2
MARIA ŁUCJA	2
MARIA M	2
MARIA MICHALINA	2
MARIA MIECZYSŁAWA	2
MARIA PAOLA	2
MARIA PELAGIA	2
MARIA SALOMEA	2
MARIA SOPHIE	2
MARIA THERESIA	2
MARIA WIKTORIA	2
MARIA-ANTONINA	2
MARIAELENA	2
MARIAGRAZIA	2
MARIAMAGDALENA	2
MARIANNA JANINA	2
MARIANO	2
MARIANOVA	2
MARIAPIA	2
MARIASOLE	2
MARIA-TERESA	2
MARIDA	2
MARIÉ	2
MARIE ALICE	2
MARIE ALINA	2
MARIE AMÉLIE	2
MARIE CLAIRE	2
MARIE CLAUDE	2
MARIE DOMINIQUE	2
MARIE ERIKA	2
MARIE FRANCOISE	2
MARIE IRENA	2
MARIE MARGUERITE	2
MARIE MARTINE	2
MARIE MONIQUE	2
MARIE NOËLLE	2
MARIE ODILE	2
MARIE PAULINE	2
MARIE STÉPHANIE	2
MARIE TERESA	2
MARIE VALENTINE	2
MARIE-ANGÉLIQUE	2
MARIE-CECILE	2
MARIECHEN	2
MARIE-CLAIRE	2
MARIE-FRANCE	2
MARIELLE	2
MARIE-LUISE	2
MARIEN	2
MARIE-SOPHIE	2
MARILIA	2
MARILIN	2
MARINETTA	2
MARINILA	2
MARIOLANTA	2
MARIYAM	2
MARJOLEIN	2
MARJUT	2
MARLÉNE	2
MARLENI	2
MARLEY	2
MARLIT	2
MARLIZA	2
MARLLENA	2
MARTA ANNA	2
MARTA BARBARA	2
MARTA EWA	2
MARTA URSZULA	2
MARTINIKA	2
MARTYNKA	2
MARUTA	2
MARWA	2
MARY-ANN	2
MARYEM	2
MARYKE	2
MARYLKA	2
MARYSOL	2
MARZENNA TERESA	2
MARZIA	2
MARŻETA	2
MASAKO	2
MASON	2
MASSIEL	2
MATEUSZ	2
MATYNA	2
MAUDE	2
MAURICETTE	2
MAVOURNEEN	2
MAYLA	2
MAYSA	2
MAZIN	2
MAZINZA	2
MC KENZIE	2
MÉABH	2
MECHTHILD	2
MEGHAN	2
MEHMEDOVA	2
MEITAL	2
MELBA	2
MELDA	2
MELIA	2
MELIDA	2
MELINE	2
MELLA	2
MENASRIA	2
MENDOZA	2
MENNA	2
MERAL	2
MERCEDA	2
MERCI	2
MERIEL	2
MERLENA	2
MESALINA	2
MESHI	2
MEYA	2
MHAIRI	2
MÍA	2
MICHAELE	2
MICHALINA ALICJA	2
MICHÈLE MARIE	2
MICHELINA	2
MICHI	2
MIDIA	2
MIEKE	2
MIGLE	2
MIGNON	2
MIGUELA	2
MIKELA	2
MIKHAILOVNA	2
MIKI	2
MILAN	2
MILDRED	2
MILDREDA	2
MILENE	2
MILIA	2
MILIND	2
MILITA	2
MILLI	2
MILONA	2
MIMA	2
MIMOZA	2
MINDEL	2
MINDLA	2
MING	2
MINHANH	2
MINNIE	2
MINORI	2
MİRA	2
MIRACLE	2
MIRAI	2
MIRALDA	2
MIRELLE	2
MIREYA	2
MIRJAMI	2
MIRLENA	2
MIRUNA	2
MISCHELL	2
MITRA	2
MIZA	2
MIZGIN	2
MŁGORZATA	2
MO	2
MOA	2
MODUPE	2
MOHAMED AHMED	2
MOHAMED GOUDA SALEH	2
MOHAMMED HASAN	2
MOHAN	2
MOHANBHAI	2
MOHINI	2
MOJISOLA	2
MOJMIRA	2
MOJRA	2
MØLLER	2
MOLLIE	2
MONAHAN	2
MONESSA	2
MONG	2
MONIA	2
MONIGUE	2
MONIKA ANNA	2
MONIKA JOANNA	2
MONIKA TERESA	2
MONIR	2
MONTES	2
MORILLO	2
MOTYLDA	2
MOUNICA	2
MŚCISŁAWA KAZIMIERA	2
MUALLA	2
MUENI	2
MÜGE	2
MUGURE	2
MUHSIN WALEED	2
MUJINGA	2
MUKUL	2
MULAN	2
MUMTAZ MATI	2
MUNACHI	2
MUNACHIMSO	2
MUNIRA	2
MUNTAHA	2
MURADIYE	2
MUSAU	2
MUSKAN	2
MUSTAN	2
MUTLU	2
MUZA	2
MÜZEYYEN	2
MWANGI	2
MY ANH	2
MY LINH	2
MYFANWY	2
MYKHAILIVNA	2
MYKOLAYIVNA	2
MYLINH	2
MYRA	2
MYRNA	2
MYRTHE	2
MYRTILLE	2
MYRTLE	2
NAA	2
NAA AKU	2
NABIL	2
NABILA	2
NADIYA	2
NAEMI	2
NAFISSA	2
NAFIYE	2
NAHAR	2
NAHIDA	2
NAJAH	2
NAJIB YAHYA	2
NANAMI	2
NANDA	2
NANGULA	2
NANNA	2
NANNY	2
NANOVA	2
NAPSUGÁR	2
NARENDRA	2
NARESHKUMAR	2
NARIMAN	2
NARINA	2
NASREEN	2
NASSER	2
NASSIMA	2
NASTURCJA	2
NATALIA MARIA	2
NATALIJA	2
NATALINA	2
NATALJA	2
NATALKA	2
NATALLY	2
NATANAELA	2
NATANELA	2
NATASJA	2
NATHALE	2
NATIVIDAD	2
NATLIA	2
NATSUKO	2
NATTI	2
NAUZYKAA	2
NAVA	2
NAYEF	2
NAYELI	2
NAYLA	2
NAZAN	2
NAZANIN	2
NAZARE	2
NAZARIA	2
NAZELI	2
NAZIA	2
NĄCKIEWICZ	2
NECHA	2
NEEL	2
NEFERTITI	2
NEFES	2
NEGIN	2
NEHAMA	2
NÉLIDA	2
NENA	2
NENITA	2
NEREA	2
NERMIN	2
NERYS	2
NESIA	2
NESIBE	2
NESLIHAN	2
NESRIN	2
NESS	2
NETTA	2
NEVA	2
NEVADA	2
NGAT	2
NGOAN	2
NGOCANH	2
NGUYỄN	2
NGUYỆT	2
NHYIRA	2
NICCOLA	2
NICOLE MARIE	2
NIGIAR	2
NİHAN	2
NIKKI	2
NIKKOLE	2
NIKOLETTE	2
NIKOLIA	2
NIKOLINOVA	2
NILAY	2
NILESH	2
NILLY	2
NIMESH	2
NINA URSZULA	2
NINELA	2
NINETTA	2
NIRAJ	2
NIRIT	2
NIRMAL	2
NIRVANA	2
NITZA	2
NIUTA	2
NIZA	2
NKIRU	2
NNEAMAKA	2
NNEDIMMA	2
NOELL	2
NOEMIA	2
NOËMIE	2
NOLAN	2
NONYE	2
NOORA	2
NORDYKA	2
NORIKO	2
NORO	2
NOTHANDO	2
NOVELLA	2
NOWINA	2
NOYA	2
NTANDOYENKOSI	2
NUALA	2
NUBIA	2
NURHAN	2
NURIYA	2
NYABOKE	2
NYAMBURA	2
NYHOLM	2
OAN	2
OBEHI	2
OCTAVIE	2
OGENIA	2
OGOCHUKWU	2
OGWU	2
OKIEMUTE	2
OKTAWINA	2
OLABISI	2
OLAFA	2
OLAJIRE	2
OLANMA	2
OLANNA	2
OLAWUMI	2
OLAWUNMI	2
OLAYEMI	2
OLDYNA	2
OLEKSA	2
OLGUTA	2
OLISSA	2
OLITA	2
OLIVIA MARIE	2
OLSZA	2
OLUFUNKE	2
OLUFUNMILAYO	2
OLUREMI	2
OLUSHOLA	2
OLUSOLA	2
OLUWABUKOLA	2
OLUWADAMILOLA	2
OLUWASHOLA	2
OLUWATOBI	2
OLUWATOSIN	2
OLUYEMISI	2
OŁENA	2
OMEGA	2
OMENA	2
OMI	2
OMOLOLA	2
OMONIGHO	2
ONUFRA	2
ONYEKACHI	2
ONYINYECHUKWU	2
OREOLUWA	2
ORHAN	2
ORI	2
ORIETA	2
ORIETTA	2
ORJANA	2
ORLANDA	2
ORNELIA	2
ORYSKA	2
ORYSŁAWA	2
OSAMA	2
OSAREMEN	2
OSASOGIE	2
OSEREMEN	2
OSINACHI	2
OTOLJA	2
OUMAIMA	2
OUMOU	2
OURIDA	2
OUYA	2
OWIDIA	2
OYIDIYA	2
OYINKANSOLA	2
PABLA	2
PADUA	2
PALCONIT	2
PALESA	2
PALMES	2
PAM	2
PANASHE	2
PANGANIBAN	2
PARASKEVI	2
PARASKIEWULA	2
PARISA	2
PARRY	2
PARTENA	2
PARTICIA	2
PARVEEN	2
PARVEZ	2
PARWATI	2
PARYSA	2
PASCHALIA	2
PASCUA	2
PASQUALINA	2
PATEL	2
PATRICK	2
PATRIZA	2
PAULIA	2
PAWŁOWA	2
PELEGIA	2
PELIN	2
PEME	2
PENCHEVA	2
PENKOVA	2
PEPITO	2
PEPPER	2
PERES	2
PERIHAN	2
PERŁA	2
PEROLA	2
PÉROLA	2
PERSEFONA	2
PERUN	2
PESSA	2
PETA	2
PETKOWA	2
PETROVNA	2
PETRUS	2
PHOTINI	2
PHUONGLAN	2
PHUONGLINH	2
PIETERNELLA	2
PIETRA	2
PIETROWNA	2
PIETRUSIA	2
PIJA	2
PIMAN	2
PINEDA	2
PIPER	2
PIRJO	2
PIUSA	2
PIXIE	2
POLIKARPA	2
POLITA	2
POLLY	2
POLLYANNA	2
POOJA	2
PRADO	2
PRASAD	2
PRATIK	2
PRAVEEN	2
PRAVIN	2
PRAVINKUMAR	2
PRESILA	2
PRESILLA	2
PRIMA	2
PRIMAVERA	2
PRIMROSE	2
PRISKA	2
PRIYANKA	2
PRYMA	2
PRYNCESSA	2
PRZEBORKA	2
PSZONAK	2
PUI	2
QASIM	2
QI	2
QING	2
QUEEN	2
QUYÊN	2
QUYNH ANH	2
RABIJE	2
RACHAELA	2
RADEGONDE	2
RADEVA	2
RADHARANI	2
RADKOVA	2
RADOCHA	2
RADOSNA	2
RADOSTA	2
RAFIKA	2
RAGUEL	2
RAHAYU	2
RAHMA	2
RAHMAN	2
RAIMA	2
RAINA	2
RAJ	2
RAJIV	2
RAJKA	2
RAJMONDA	2
RAJNIKANT	2
RAJNISH	2
RAJZA	2
RAKEL	2
RAKESH	2
RAMI	2
RAMOS	2
RANATA	2
RANG	2
RASA	2
RASHMI	2
RATNA	2
RAUHA	2
RAYANA	2
RAYE	2
RAYMONDE	2
RAZAN	2
REBEKAH	2
REED	2
REENA	2
REGIA	2
RÉGINA	2
REGINA JANINA	2
REGINALDA	2
REHMAN	2
REJOICE	2
REKA	2
RÉKA	2
RELA	2
RELINDA	2
REMIGIUSZA	2
REMUALDA	2
REMZI	2
RENÁTA	2
RENÉ	2
RENESMEE	2
RENSKE	2
REONALDA	2
RESI	2
REYA	2
RHIANNA	2
RHONDA	2
RICA	2
RICARDA	2
RICHARD	2
RICHELLE	2
RIDHI	2
RIDVANOVA	2
RIPLEY	2
RITESHKUMAR	2
RIVANA	2
RIZKI	2
RIZKY	2
ROBERTINA	2
ROBERTS	2
ROCKETT	2
RODI	2
ROHITKUMAR	2
ROLI	2
ROMI	2
RONA	2
RONAK	2
RONDA	2
RONIA	2
ROSALEEN	2
ROSALES	2
ROSALI	2
ROSELINE	2
ROSE-MARIA	2
ROSFITA	2
ROSHAN	2
ROSLYN	2
ROSMARIE	2
ROSSA	2
ROSSITA	2
ROTRAUD	2
ROWENA	2
ROYA	2
ROZANETTA	2
ROZE	2
ROZETTA	2
RÓISIN	2
RÓISÍN	2
RUBBAB	2
RUCHAMA	2
RUDOLFA	2
RUFARO	2
RUHI	2
RUKIYE	2
RUNA	2
RUSLANA	2
RUZDIEVA	2
RYAN	2
RYMA	2
RYSIA	2
RYSZKA	2
SAAD OBAID	2
SAANA	2
SAAUGAARD	2
SABADO	2
SABARINAH	2
SABELA	2
SACHA	2
SACHIN	2
SADAF	2
SADIQ A	2
SAEED	2
SAEED O	2
SAFFRON	2
SAFINAZ	2
SAFIYA	2
SAIDE	2
SAIMA	2
SAIRA	2
SAJANA	2
SALA	2
SALAH	2
SALAM	2
SALAMATA	2
SALDUA	2
SALEE	2
SALEZJA	2
SALINA	2
SALMAN	2
SALOMENA	2
SALWA	2
SAMAN	2
SAMIHA	2
SAMINA	2
SAMSON	2
SAMUELS	2
SAMY	2
SANCHEZ	2
SANCZIA	2
SANDOVAL	2
SANTIA	2
SANTIAGO	2
SAOMAI	2
SAORABH	2
SAPHIRA	2
SARACH	2
SARITHA	2
SARNAI	2
SASSIA	2
SATI	2
SATIA	2
SATINE	2
SAULĖ	2
SAUSAN	2
SAVITRI	2
SAYDOU	2
SAYED	2
SCHANTAL	2
SCHARLOTTA	2
SCOUT	2
SEBAHAT	2
SEBASTIAN	2
SEBASTIN	2
SEBAYDIN	2
SEDEF	2
SEFORA	2
SEIFEDDIN	2
SELCAN	2
SELCEN	2
SELEN	2
SELINAH	2
SELVA	2
SELVER	2
SELVIYE	2
SELWENA	2
SELWESTYNA	2
SEMIRAMIDA	2
SENIA	2
SENTA	2
SEPHORA	2
SEPIDEH	2
SERAFIA	2
SERAFINE	2
SERAP	2
SERENITY	2
SERGIANA	2
SERRANO	2
SETŁANA	2
SETORA	2
SEUNG	2
SEVCAN	2
SEVERIN	2
SEVERINE	2
SEVGIN	2
SEVIL	2
ŞEVVAL	2
SĘDZISŁAWA	2
SHAHED	2
SHAHID	2
SHAHLA	2
SHAI	2
SHAIEN	2
SHAINA	2
SHAKED	2
SHALINI	2
SHAMIM	2
SHAMISO	2
SHAMSELDIN	2
SHAN	2
SHANA	2
SHANIKA	2
SHANKAR	2
SHARA	2
SHARAD	2
SHARAF	2
SHARLEEN	2
SHARMIN	2
SHARRON	2
SHAUNA	2
SHEENA	2
SHEFKET	2
SHEHATA	2
SHEKBAL	2
SHEKHAR	2
SHERAZ	2
SHEREEN	2
SHERI	2
SHERIF	2
SHERWOOD	2
SHIMRIT	2
SHIVA	2
SHIVAJI	2
SHONA	2
SHYAM	2
SIÂN	2
SIBONGILE	2
SIBYLLE	2
SIDNEY	2
SIKA	2
SILESIA	2
SILIMUILA	2
SILJA	2
SILVIE	2
SILVIYA	2
SIMAY	2
SIMELA	2
SİMGE	2
SIMIN	2
SIMONI	2
SIMONNE	2
SIN	2
SİNEM	2
SIRA	2
SIRI	2
SIRVAN	2
SISKO	2
SISSY	2
SIYONA	2
SKAIDRITE	2
SKYLAR	2
SKYLER	2
SLOANE	2
SŁAWENA	2
SŁAWOMIŁA	2
SMITA	2
SODA	2
SOFFIA	2
SOFIA MARIE	2
SOIZIC	2
SOLEY	2
SONEVA	2
SONIKA	2
SONISŁAWA	2
SOPHI	2
SOPHY	2
SORENTA	2
SORIANO	2
SORINA	2
SOUAD	2
SOZAN	2
SPENCER	2
SPRING	2
SPYRIDOULA	2
SRAVANI	2
STAEFANIA	2
STAMATIA	2
STAMATINA	2
STANCHEVA	2
STANISAWA	2
STANISŁAWA ANNA	2
STANISŁAWA ANTONINA	2
STANISŁAWA JANINA	2
STANISŁAWA MAŁGORZATA	2
STANISŁAWA WŁADYSŁAWA	2
STANKA	2
STAV	2
STEFA	2
ŞTEFANIA	2
STEFANIA IRENA	2
STEFANIA JADWIGA	2
STEPHEN	2
STERRE	2
STINA	2
STINE	2
STNISŁAWA	2
STOJANOWA	2
STOKROTKA	2
STOWE	2
STOYCHEVA	2
SU ANN	2
SUBHASH	2
SUJATA	2
SUKHDEV	2
SULAMITA	2
SUŁTANA	2
SUMAIA	2
SUMAN KUMAR	2
SUMAYA	2
SUMIKO	2
SUMIRE	2
SUMITRA	2
SUNA	2
SUNILKUMAR	2
SUNITA	2
SURIA	2
SURIYA	2
SUSANN	2
SUSI	2
SUSIE	2
SUSSANA	2
SUWDA	2
SUZANNE MARIE	2
SUZANOVA	2
SVEA	2
SVENJA	2
SWARNA	2
SYCYLIA	2
SYEDA	2
SYGRYDA	2
SYLIA	2
SYLIWA	2
SYLWA	2
SYLWENA	2
SYLWERIUSZA	2
SYLWESTRYNA	2
SYMFORIA	2
SYNNØVE	2
SYNTHIA	2
SYOULEYMAN	2
SYWLIA	2
SZAFIRA	2
SZAKIRA	2
SZANELA	2
SZAREK	2
SZARLOTTE	2
SZATANIK	2
SZEJLA	2
SZERÉNA	2
SZILVIA	2
SZOSZANA	2
SZYMONETA	2
SZYSZKA	2
TABATA	2
TABEA	2
TADIWA	2
TAFADZWA	2
TAFARA	2
TAHIRA	2
TAIT	2
TAIWO	2
TAL	2
TALVIKKI	2
TÂM	2
TAMIKA	2
TAMMY	2
TANATSWA	2
TANGALIN	2
TANINA	2
TANISHA	2
TARIA	2
TARIQ	2
TARYN	2
TASMIN	2
TATRA	2
TATUR	2
TATYANA	2
TAURIA	2
TEBEBU	2
TECLA	2
TEGAN	2
TEHILA	2
TEKALGN	2
TEMIDA	2
TENDAI	2
TENDAYI	2
TENZIN	2
TEOBALDA	2
TEODOZIA	2
TEOFILE	2
TEONA	2
TERESA BOGUMIŁA	2
TERESA CZESŁAWA	2
TERESA GRAŻYNA	2
TERESA JOLANTA	2
TERESA LEOKADIA	2
TERESA RENATA	2
TERESA WERONIKA	2
TERÉZ	2
TEREZIA	2
TERÉZIA	2
TEUTA	2
THABISO	2
THAÍS	2
THANH MAI	2
THEKLA	2
THELMA	2
THEM	2
THÉODORA	2
THÉRÈSE MARIE	2
THERESIE	2
THI ANH	2
THI HONG	2
THIZIRI	2
THU HA	2
THULAN	2
THUY ANH	2
THUY DUNG	2
THUY LINH	2
THUY QUYNH	2
THUYLINH	2
TIARA	2
TIJA	2
TIKVA	2
TILLA	2
TILLIJA	2
TILLY	2
TIN	2
TINDRA	2
TÌNH	2
TINKOVA	2
TINOTENDA	2
TITHI	2
TIYA	2
TJADEN	2
TODOROWA	2
TOKUNBO	2
TOLESŁAWA	2
TOLMIRA	2
TOMA	2
TONANTZIN	2
TONG	2
TONINA	2
TONISŁAWA	2
TONYA	2
TOSCA	2
TOSHKOVA	2
TOSŁAWA	2
TOVE	2
TRÀ	2
TRA GIANG	2
TRAMANH	2
TRANG ANH	2
TREASA	2
TRESA	2
TRESOR	2
TRISNA	2
TRISS	2
TRUDY	2
TSANKOVA	2
TSERING	2
TSULTRIM	2
TUGA	2
TUGCE	2
TULA	2
TULISA	2
TULSI	2
TUMIRA	2
TUNG	2
TUNRAYO	2
TUONG	2
TURKI	2
TUŢA	2
TVEITEN	2
TWORZYSŁAWA	2
TYLER	2
UDAYA	2
UDOCHI	2
UGOCHI	2
UJUNWA	2
UL	2
ULJANA	2
ULOMA	2
UMALI	2
UMAR	2
UMESH	2
UN	2
UNITA	2
UNKA	2
URIELA	2
URMILA	2
URSYNA	2
URSZULA DANUTA	2
URSZULA TERESA	2
URZULA	2
UYÊN	2
UZOCHUKWU	2
VAHIDE	2
VALDEZ	2
VALENTIA	2
VALENTIN	2
VALENTINE MARIE	2
VALERA	2
VALÉRIA	2
VALICHECK	2
VALYOVA	2
VANESSZA	2
VANNESSA	2
VANUZA	2
VEENA	2
VELMA	2
VENELINOVA	2
VĚRA	2
VERONIGUE	2
VÉRONIKA	2
VIBEKE	2
VICENTA	2
VICKTORIA	2
VICTORIA ELISABETH	2
VICTORIA MARIE	2
VICTÓRIA	2
VIEIRA	2
VIESIA	2
VIET	2
VIET LAN	2
VIJAYKUMAR	2
VIKTORIJA	2
VIKTOROVNA	2
VILDAN	2
VILHELMIINA	2
VILMA	2
VIMBAI	2
VIMBAINASHE	2
VIMBAYI	2
VINODBHAI	2
VINTHER	2
VIOLAINE MARIE	2
VIOLLETTA	2
VIORIKA	2
VIPIN	2
VIRAG	2
VIRÁG	2
VIRGÍNIA	2
VISHAL	2
VITALIA	2
VITHAL	2
VITÓRIA	2
VIVEKKUMAR	2
VIWIEN	2
VLADYSLAVA	2
VON	2
VUONG	2
WAI MUN	2
WAITHIRA	2
WAJA	2
WALDTRAND	2
WALEED	2
WALID	2
WALTRANT	2
WANDA ALICJA	2
WANDA ANNA	2
WANDA ELŻBIETA	2
WANDA JADWIGA	2
WANDA KATARZYNA	2
WANDA KRYSTYNA	2
WANDA STANISŁAWA	2
WANDA STEFANIA	2
WANDA TERESA	2
WANDA WŁADYSŁAWA	2
WANG	2
WANJERI	2
WANJIKU	2
WARDENI	2
WASSEM	2
WASYLIWNA	2
WAWIRA	2
WELDA	2
WELIN	2
WENANDA	2
WENENCJA	2
WENENTYNA	2
WESAM	2
WESELINOWA	2
WESTA	2
WESTON	2
WESTYNA	2
WIDA	2
WIDYA	2
WIEBKE	2
WIELISŁAWA KAZIMIERA	2
WIĘCESŁAWA KAZIMIERA	2
WIGANNA	2
WIKA	2
WIKTORIWNA	2
WILCHELMINA	2
WILIANNA	2
WILLA	2
WILLEMIJN	2
WINFRYDA	2
WINISŁAWA	2
WINSTROM	2
WINTER	2
WIŃCZYSŁAWA	2
WIOLINA	2
WIOLLETTA	2
WIORIKA	2
WIRIDIANA	2
WITKORIA	2
WITORIA	2
WIWA	2
WIWANNA	2
WKTORIA	2
WLADYSŁAWA	2
WŁADYMIRA	2
WŁADYSŁAWA ANNA	2
WŁDYSŁAWA	2
WOJSŁAWA	2
WOKTORIA	2
WOLKE	2
WONGSONG	2
WRZESŁAWA	2
WURAOLA	2
WYN	2
WYSZOMIRA	2
XARENI	2
XIA	2
XIN	2
XIOMARA	2
XUÂN	2
YADIRA	2
YADWIGA	2
YAǦMUR	2
YAHEL	2
YANCHEVA	2
YANETH	2
YAREN	2
YARYNA	2
YASEMİN	2
YASUMI	2
YAZMIN	2
YEHUDITH	2
YELDA	2
YELIZ	2
YELYZAVETA	2
YENNEFER	2
YESICA	2
YEŞIM	2
YETUNDE	2
YEVA	2
YEVHENIIA	2
YEWANDE	2
YINETH	2
YIP	2
YISHAN	2
YIYI	2
YLVA	2
YNES	2
YNHI	2
YONKOVA	2
YOON	2
YOSIFOVA	2
YOSSEFA	2
YOUN	2
YOUSSEF	2
YOY	2
YOZDZHANOVA	2
ÝR	2
YUFEI	2
YUI	2
YULIEVA	2
YUME	2
YUMIKO	2
YUNZELE	2
YURI	2
YUSEIN	2
YUVAL	2
ZAIDE	2
ZAINA	2
ZAINEB	2
ZAKIA	2
ZANDILE	2
ZAYNAB	2
ZBIGNIEW	2
ZBIGNIEWA KAZIMIERA	2
ZBISŁAWA MARIA	2
ZDANA	2
ZDENKA	2
ZDRAWKA	2
ZEFERYNA	2
ZEKERIYA	2
ZELAL	2
ZENITA	2
ZENKA	2
ZENOIDA	2
ZERAFINA	2
ZERFI	2
ZETA	2
ZHASMINOVA	2
ZHELYAZKOVA	2
ZHULIETOVA	2
ZIEMISŁAWA	2
ZIGRIDA	2
ZINEB	2
ZIPI	2
ZISEL	2
ZOFA	2
ZOFIA ALICJA	2
ZOFIA ANNA	2
ZOFIA BARBARA	2
ZOFIA EUGENIA	2
ZOFIA GRAŻYNA	2
ZOFIA HALINA	2
ZOFIA JADWIGA	2
ZOFIA MARTA	2
ZOJE	2
ZOLA	2
ZONJA	2
ZOPHIA	2
ZORKA	2
ZOZAN	2
ZUBAIR	2
ZUCHRA	2
ZUHAL	2
ZUSANNA	2
ZUZAN	2
ZYANYA	2
ŻANETT	2
ŻARMENA	2
ŻONETA	2
ŻORŻETTA	2
ŻULIETTA	2
ŻYTNICKA	2
ŻYTOSŁAWA	2